aluminium,ammonia,arsenic,barium,cadmium,chloramine,chromium,copper,flouride,bacteria,viruses,lead,nitrates,nitrites,mercury,perchlorate,radium,selenium,silver,uranium,is_safe
4.18,22.13,0.03,2.0,0.004,5.23,0.68,0.34,0.12,0.74,0.74,0.135,12.57,1.17,0.002,1.89,2.38,0.06,0.19,0.04,1
1.44,5.52,0.03,1.68,0.006,3.04,0.19,0.66,0.59,0.65,0.65,0.194,14.03,1.53,0.008,21.67,6.36,0.09,0.4,0.04,1
2.06,26.0,0.01,1.47,0.004,2.77,0.24,0.66,0.55,0.0,0.0,0.16,3.15,1.61,0.008,13.88,7.56,0.02,0.47,0.06,1
4.36,25.18,0.04,0.04,0.001,5.1,0.86,1.23,0.52,0.0,0.0,0.022,12.63,1.93,0.003,1.19,7.79,0.04,0.43,0.01,1
0.1,0.83,0.08,2.85,0.07,0.46,0.06,0.01,0.11,0.0,0.0,0.058,8.99,1.0,0.001,0.82,7.51,0.0,0.05,0.09,0
0.83,14.59,0.03,2.84,0.001,0.24,0.27,1.23,1.01,0.0,0.0,0.04,11.89,1.73,0.007,44.91,4.47,0.02,0.29,0.01,0
0.07,4.9,0.05,1.03,0.03,0.07,0.03,0.29,1.14,0.77,0.77,0.174,9.85,0.85,0.006,7.29,0.32,0.04,0.06,0.09,0
3.01,12.25,0.02,1.63,0.008,1.41,0.46,0.62,0.88,0.25,0.002,0.167,9.14,1.5,0.008,36.36,3.46,0.1,0.23,0.04,1
0.07,15.75,0.07,1.22,0.06,0.09,0.0,0.08,1.14,0.0,0.004,0.045,8.62,0.4,0.01,8.02,3.09,0.02,0.09,0.04,1
4.85,11.43,0.01,1.04,0.001,6.81,0.87,0.92,1.2,0.2,0.002,0.01,18.55,1.93,0.002,22.43,4.58,0.01,0.2,0.04,1
4.73,13.2,0.04,3.08,0.003,3.15,0.37,0.51,1.49,0.24,0.003,0.02,3.74,1.6,0.008,5.72,5.55,0.04,0.08,0.07,1
0.02,14.71,0.0,1.83,0.06,0.3,0.04,1.57,0.26,0.0,0.69,0.182,1.8,1.47,0.008,0.39,1.43,0.01,0.04,0.05,0
0.05,6.04,0.02,0.46,0.06,0.09,0.01,1.09,1.35,0.0,0.002,0.031,17.01,0.74,0.007,4.01,0.74,0.08,0.0,0.08,0
0.07,17.69,0.02,0.84,0.1,0.01,0.04,0.22,1.09,0.57,0.57,0.101,10.34,1.04,0.001,0.68,0.53,0.04,0.07,0.01,0
0.06,18.91,0.07,1.08,0.02,0.16,0.09,0.08,0.34,0.0,0.003,0.146,8.52,0.41,0.006,7.89,0.83,0.09,0.04,0.05,1
0.54,22.33,0.02,2.27,0.001,6.57,0.89,0.93,0.2,0.51,0.51,0.105,5.88,1.48,0.002,29.48,0.63,0.04,0.43,0.05,1
4.61,11.52,0.01,2.35,0.001,3.33,0.42,0.83,1.09,0.14,0.005,0.151,15.19,1.3,0.006,25.23,1.68,0.07,0.17,0.01,1
0.06,0.54,0.08,0.98,0.0,0.24,0.05,0.02,0.62,0.0,0.92,0.112,8.13,0.88,0.007,4.08,0.74,0.05,0.07,0.05,0
2.13,29.19,0.05,1.47,0.005,0.5,0.52,1.92,0.72,0.0,0.0,0.009,9.68,1.51,0.002,21.38,5.1,0.05,0.28,0.09,1
0.08,3.48,0.07,0.86,0.03,0.28,0.07,1.58,0.13,0.97,0.97,0.17,11.6,1.07,0.006,0.07,0.43,0.06,0.1,0.08,0
0.0,20.61,0.02,0.86,0.005,1.74,0.7,1.08,0.7,0.87,0.87,0.106,9.73,1.12,0.008,14.49,3.54,0.02,0.47,0.07,0
0.03,28.82,0.03,0.7,0.002,6.29,0.41,0.13,0.82,0.48,0.008,0.088,15.94,1.86,0.0,27.45,2.48,0.05,0.1,0.02,1
0.09,23.69,0.04,3.79,0.003,2.63,0.4,0.76,0.62,0.65,0.65,0.044,6.94,1.81,0.005,55.04,5.22,0.03,0.48,0.02,0
4.36,29.5,0.03,3.78,0.003,1.45,0.88,1.19,0.38,0.0,0.0,0.064,7.23,1.0,0.005,14.95,3.72,0.07,0.42,0.06,1
0.01,3.49,0.07,0.19,0.03,0.01,0.07,0.07,0.7,0.01,0.0,0.008,7.72,0.15,0.006,2.7,0.88,0.06,0.02,0.08,1
0.0,2.09,0.09,2.72,0.08,0.19,0.03,0.86,1.31,0.0,0.0,0.046,4.59,1.51,0.008,0.25,4.45,0.02,0.04,0.0,0
0.09,7.45,0.02,0.25,0.02,0.28,0.0,1.18,0.03,0.28,0.0,0.069,0.46,1.65,0.004,5.28,0.72,0.05,0.01,0.04,0
0.02,25.46,0.05,0.87,0.09,0.1,0.0,0.01,0.15,0.0,0.72,0.013,8.83,0.26,0.008,0.13,2.06,0.06,0.09,0.09,0
0.56,9.34,0.03,0.49,0.006,0.73,0.78,0.58,1.32,0.0,0.0,0.118,9.2,1.43,0.005,1.35,4.02,0.04,0.03,0.06,1
2.78,13.84,0.02,1.33,0.008,6.44,0.45,0.56,0.8,0.29,0.001,0.186,2.84,1.37,0.0,29.98,7.36,0.08,0.09,0.08,1
2.5,16.32,0.02,0.9,0.003,0.83,0.36,0.25,0.11,0.71,0.71,0.09,1.24,1.44,0.004,44.16,4.01,0.06,0.23,0.03,1
0.06,17.75,0.01,1.49,0.07,0.3,0.05,0.0,1.44,0.07,0.005,0.06,9.95,0.06,0.006,0.22,0.27,0.1,0.05,0.08,1
0.05,0.58,0.0,2.74,0.09,0.03,0.02,0.26,0.59,0.61,0.61,0.008,12.69,1.61,0.001,1.25,2.39,0.08,0.07,0.06,0
1.17,9.82,0.59,2.62,0.12,3.08,0.66,1.26,1.33,0.0,0.0,0.164,3.12,1.8,0.0,4.98,1.18,0.01,0.42,0.01,0
1.37,6.4,0.02,0.75,0.001,5.88,0.09,0.99,0.8,0.37,0.002,0.148,17.6,1.04,0.002,13.29,4.08,0.06,0.05,0.01,1
0.1,23.9,0.02,2.77,0.003,1.07,0.54,1.35,1.03,0.04,0.007,0.067,13.92,1.31,0.0,12.23,2.42,0.05,0.23,0.0,0
3.83,16.01,0.01,2.57,0.003,7.12,0.13,1.64,0.78,0.61,0.61,0.038,6.97,1.88,0.009,33.89,3.07,0.09,0.11,0.03,1
0.71,9.9,0.04,1.4,0.003,3.45,0.69,0.32,0.66,0.3,0.006,0.123,1.73,1.61,0.002,35.17,0.66,0.04,0.05,0.03,1
0.05,10.29,0.02,0.92,0.005,4.05,0.87,0.19,1.18,0.0,0.0,0.162,6.82,1.35,0.001,24.25,0.62,0.07,0.06,0.03,1
1.86,2.06,0.03,1.64,0.003,4.14,0.35,0.1,1.47,0.0,0.0,0.097,2.42,1.16,0.003,12.17,7.8,0.01,0.11,0.01,1
4.66,2.57,0.02,3.63,0.003,6.9,0.32,0.13,0.3,0.2,0.003,0.05,16.42,1.8,0.005,15.52,1.94,0.01,0.41,0.0,1
2.06,13.55,0.02,2.78,0.006,3.05,0.32,0.04,0.55,0.58,0.58,0.127,1.76,1.8,0.004,15.21,6.52,0.03,0.47,0.01,1
0.06,8.23,0.05,0.04,0.09,0.41,0.03,0.05,0.36,0.34,0.0,0.114,7.66,1.54,0.001,0.48,7.04,0.02,0.09,0.0,0
0.05,18.97,0.24,2.06,0.04,4.55,0.84,0.85,1.01,0.19,0.008,0.045,2.91,1.96,0.005,35.54,4.14,0.01,0.02,0.01,1
1.17,24.27,0.24,0.99,0.11,5.13,0.36,1.43,0.63,0.59,0.59,0.146,2.52,1.42,0.008,45.05,1.68,0.07,0.37,0.07,0
0.5,8.16,0.02,2.43,0.008,0.57,0.88,0.69,1.32,0.0,0.0,0.103,13.78,1.51,0.01,33.36,5.29,0.06,0.46,0.0,1
0.05,5.58,0.06,0.05,0.09,0.2,0.01,0.09,0.33,0.0,0.007,0.062,4.91,0.6,0.004,10.06,0.39,0.03,0.0,0.03,1
3.53,5.43,0.04,2.34,0.002,4.13,0.7,1.51,0.89,0.55,0.55,0.164,8.49,1.49,0.001,37.15,0.25,0.08,0.01,0.09,1
1.65,4.96,0.04,0.72,0.002,3.42,0.82,1.93,0.45,0.63,0.63,0.124,3.83,1.61,0.007,38.27,5.9,0.05,0.45,0.02,1
0.06,29.36,0.04,0.98,0.02,0.04,0.01,1.32,1.3,0.0,0.73,0.086,5.72,0.65,0.001,3.78,3.58,0.07,0.02,0.03,0
0.02,26.9,0.07,2.49,0.04,0.09,0.02,1.23,1.48,0.57,0.57,0.106,7.4,1.13,0.005,3.9,6.52,0.09,0.02,0.04,0
4.91,12.38,0.05,3.71,0.11,7.53,0.79,0.71,1.26,0.0,0.0,0.102,18.92,1.34,0.006,30.76,6.9,0.03,0.39,0.07,0
0.05,0.95,0.01,0.07,0.06,0.07,0.0,1.69,1.32,0.0,0.0,0.063,17.26,1.53,0.003,4.5,0.5,0.07,0.05,0.0,0
4.55,14.38,0.04,2.3,0.001,1.23,0.77,0.36,0.37,0.45,0.001,0.033,9.55,1.38,0.005,0.74,4.99,0.05,0.33,0.06,1
0.08,26.75,0.71,0.9,0.03,0.96,0.61,0.91,0.42,0.44,0.006,0.107,13.43,1.3,0.009,46.9,0.5,0.04,0.35,0.0,0
3.47,19.62,0.33,1.81,0.01,2.43,0.2,1.85,1.43,0.68,0.68,0.089,4.84,1.34,0.004,40.09,2.61,0.03,0.08,0.04,0
0.28,17.23,0.04,2.68,0.006,3.65,0.2,0.12,0.13,0.94,0.94,0.049,6.06,1.77,0.002,45.83,4.64,0.04,0.05,0.02,1
1.15,8.12,0.02,0.97,0.007,3.47,0.65,1.51,1.46,0.58,0.58,0.061,8.96,1.5,0.004,14.6,1.74,0.03,0.01,0.06,1
0.92,24.33,0.03,0.2,0.006,2.67,0.69,0.57,0.61,0.13,0.001,0.117,6.74,1.11,0.003,16.9,2.41,0.02,0.06,0.02,1
4.3,2.03,0.01,3.09,0.004,4.06,0.28,1.66,0.79,0.73,0.73,0.059,4.83,1.2,0.006,44.88,4.05,0.06,0.24,0.05,1
4.96,19.39,0.03,3.01,0.001,1.73,0.64,0.36,0.64,0.69,0.69,0.005,1.16,1.56,0.001,31.08,1.45,0.07,0.32,0.05,1
3.13,28.98,0.02,1.8,0.008,6.25,0.32,0.72,0.53,0.0,0.0,0.03,6.98,1.8,0.009,15.09,4.94,0.01,0.39,0.09,1
0.05,3.31,0.07,0.99,0.0,0.16,0.06,0.04,1.43,0.0,0.97,0.118,2.17,0.5,0.002,0.99,4.0,0.03,0.08,0.0,0
0.25,26.84,0.09,2.32,0.07,7.62,0.78,0.01,0.03,0.23,0.004,0.055,5.59,2.03,0.0,0.26,7.97,0.09,0.21,0.05,0
2.64,18.44,0.01,0.19,0.005,4.86,0.35,1.98,0.99,0.41,0.0,0.099,10.2,1.69,0.001,5.91,4.49,0.06,0.18,0.08,1
0.26,12.48,0.04,3.67,0.005,3.01,0.65,1.41,0.51,0.0,0.0,0.187,1.07,1.2,0.01,23.72,7.71,0.08,0.32,0.0,1
2.01,15.1,0.01,2.17,0.006,6.42,0.33,0.16,1.01,0.76,0.76,0.168,17.85,1.01,0.009,3.17,5.31,0.07,0.32,0.0,1
0.07,0.06,0.0,0.61,0.09,0.48,0.07,1.41,1.08,0.38,0.002,0.15,0.69,1.88,0.003,7.24,2.34,0.04,0.03,0.04,0
0.94,14.47,0.03,2.88,0.003,0.8,0.43,1.38,0.11,0.67,0.67,0.135,9.75,1.89,0.006,27.17,5.42,0.08,0.19,0.02,1
3.96,21.99,0.04,2.2,0.004,7.65,0.3,0.43,0.9,0.79,0.79,0.199,2.01,1.77,0.001,27.56,7.79,0.09,0.1,0.03,1
0.08,25.11,0.04,0.97,0.06,0.08,0.07,0.09,0.31,0.0,0.004,0.17,18.09,0.75,0.003,0.12,1.88,0.06,0.03,0.07,0
1.27,19.87,0.03,0.04,0.008,6.23,0.84,1.91,0.83,0.0,0.0,0.018,0.45,1.42,0.009,12.9,2.15,0.03,0.21,0.04,1
0.06,13.91,0.06,1.52,0.09,0.04,0.01,1.48,0.54,0.73,0.73,0.126,11.73,0.58,0.007,4.71,0.5,0.02,0.07,0.06,0
0.03,11.87,0.05,0.58,0.09,0.33,0.07,1.78,0.01,0.75,0.75,0.153,4.86,1.99,0.004,3.18,0.69,0.01,0.06,0.07,0
0.05,9.31,0.02,0.41,0.09,0.52,0.08,0.04,0.79,0.0,0.002,0.014,6.83,0.81,0.009,0.52,0.16,0.01,0.01,0.02,1
2.97,12.39,0.55,3.31,0.1,2.35,0.21,1.97,1.36,0.0,0.001,0.06,15.45,1.41,0.004,46.91,0.87,0.03,0.27,0.05,0
0.02,23.24,0.16,3.91,0.05,2.68,0.46,0.4,0.88,0.59,0.59,0.118,7.09,2.16,0.003,36.48,1.75,0.02,0.23,0.06,0
0.05,29.12,0.04,0.35,0.08,0.1,0.04,0.04,0.03,0.0,0.98,0.068,10.9,0.87,0.005,0.39,0.73,0.05,0.07,0.02,0
4.88,26.2,0.09,0.48,0.1,1.55,0.53,0.53,0.88,0.93,0.93,0.076,15.87,1.12,0.009,52.59,6.6,0.05,0.34,0.05,0
0.07,10.12,0.06,1.13,0.03,0.37,0.08,1.07,1.35,0.39,0.003,0.113,14.25,1.24,0.003,0.38,4.33,0.06,0.07,0.04,0
0.02,7.88,0.03,0.22,0.05,0.04,0.07,0.09,0.8,0.1,0.003,0.197,18.74,0.92,0.008,7.48,1.17,0.05,0.08,0.01,0
0.04,0.34,0.01,0.71,0.01,0.3,0.03,0.01,0.57,0.0,0.005,0.065,15.53,0.29,0.008,3.72,3.58,0.03,0.1,0.03,0
0.01,3.72,0.21,1.84,0.12,6.12,0.89,0.05,1.43,0.72,0.72,0.037,5.31,1.52,0.003,44.17,2.69,0.09,0.49,0.0,0
3.62,11.3,0.02,1.51,0.003,5.0,0.54,0.74,0.54,0.45,0.0,0.181,12.69,1.0,0.005,5.01,2.06,0.03,0.15,0.0,1
0.66,5.54,0.35,4.83,0.13,8.34,0.49,0.47,0.89,0.78,0.78,0.038,2.12,1.43,0.009,3.26,3.71,0.02,0.36,0.06,0
0.04,28.34,0.04,0.8,0.03,0.38,0.05,0.02,0.53,0.0,0.007,0.03,6.98,0.97,0.009,2.78,2.34,0.01,0.06,0.09,0
3.2,8.68,0.01,2.64,0.006,6.58,0.01,0.17,0.95,0.0,0.0,0.021,10.39,1.17,0.005,22.12,6.67,0.08,0.24,0.07,1
3.47,6.99,0.03,1.43,0.007,5.98,0.36,1.95,1.48,0.0,0.0,0.183,3.84,1.67,0.005,43.75,7.7,0.06,0.44,0.08,1
1.56,0.04,0.53,0.84,0.12,5.79,0.88,1.71,1.42,0.0,0.0,0.103,16.16,1.51,0.006,44.68,2.3,0.07,0.0,0.0,1
2.79,29.26,0.01,3.19,0.005,6.89,0.41,0.09,0.71,0.84,0.84,0.115,8.6,1.74,0.004,16.31,2.21,0.08,0.19,0.01,1
0.05,15.9,0.06,0.28,0.06,0.26,0.08,1.02,0.03,0.73,0.73,0.138,15.13,1.6,0.002,5.53,1.29,0.03,0.05,0.07,0
0.03,22.84,0.001,0.09,0.004,1.11,0.54,1.21,1.33,0.55,0.55,0.116,12.05,1.58,0.009,21.2,0.46,0.03,0.0,0.03,1
0.01,11.1,0.08,1.35,0.04,0.02,0.09,0.05,0.75,0.0,0.007,0.008,14.25,0.14,0.004,2.38,0.36,0.02,0.01,0.09,0
1.36,28.23,0.04,0.29,0.008,0.63,0.36,0.06,1.03,0.44,0.007,0.142,1.69,1.52,0.002,3.23,1.15,0.09,0.42,0.02,1
0.08,23.51,0.04,0.82,0.003,0.54,0.63,1.33,1.37,0.09,0.008,0.042,11.36,1.95,0.001,36.15,1.83,0.07,0.03,0.02,1
2.89,18.82,0.05,3.77,0.008,5.99,0.54,0.79,0.54,0.2,0.009,0.126,17.56,1.82,0.009,17.54,4.33,0.1,0.05,0.02,1
0.03,9.83,0.09,0.14,0.0,0.23,0.04,0.06,0.66,0.0,0.006,0.123,1.73,0.57,0.002,0.12,0.53,0.04,0.02,0.03,1
4.98,26.21,0.04,0.51,0.001,5.89,0.73,0.87,0.29,0.58,0.58,0.195,8.27,1.9,0.007,20.9,7.52,0.06,0.26,0.02,1
0.07,29.63,0.03,0.4,0.04,0.13,0.04,1.46,1.46,0.76,0.76,0.083,4.07,1.37,0.009,0.03,0.61,0.07,0.07,0.06,0
4.92,26.16,0.3,1.06,0.08,2.45,0.08,1.81,0.92,0.7,0.7,0.018,0.41,2.14,0.008,34.6,4.98,0.03,0.3,0.01,0
1.45,23.77,0.02,1.53,0.005,4.18,0.53,1.99,0.81,0.19,0.001,0.098,3.77,1.65,0.003,2.08,4.51,0.1,0.07,0.02,1
0.06,3.77,0.05,0.42,0.03,0.11,0.08,0.05,1.46,0.0,0.75,0.005,7.38,0.49,0.002,1.71,6.52,0.07,0.1,0.07,0
0.36,9.62,0.04,2.24,0.001,5.21,0.83,0.73,0.64,0.0,0.0,0.089,17.91,1.91,0.006,1.56,2.84,0.04,0.41,0.06,1
0.08,20.09,0.07,0.48,0.09,0.42,0.09,1.57,1.17,0.26,0.004,0.135,11.54,0.42,0.009,0.28,0.66,0.06,0.05,0.0,0
0.09,7.25,0.09,0.15,0.04,0.11,0.02,0.06,0.58,0.0,0.8,0.121,1.88,0.79,0.001,3.75,0.12,0.08,0.04,0.07,0
3.52,2.07,0.04,2.46,0.007,1.33,0.32,0.94,0.26,0.28,0.009,0.023,10.78,1.37,0.003,22.9,4.23,0.06,0.03,0.04,1
0.09,0.04,0.36,0.2,0.07,5.73,0.88,1.71,1.42,0.27,0.002,0.103,17.03,1.54,0.006,44.74,2.3,0.07,0.0,0.0,1
0.05,28.45,1.0,2.7,0.08,4.7,0.77,0.05,0.4,0.59,0.59,0.178,5.46,1.31,0.004,25.22,4.83,0.02,0.1,0.02,1
0.09,23.77,0.06,0.12,0.06,0.06,0.02,1.09,0.97,0.0,0.003,0.051,4.08,0.6,0.006,0.07,4.16,0.04,0.01,0.08,1
0.16,2.71,1.0,3.45,0.09,4.88,0.18,1.06,1.08,0.15,0.001,0.189,7.54,1.87,0.007,25.74,0.86,0.1,0.41,0.0,0
0.02,7.41,0.01,0.7,0.03,0.04,0.0,0.03,0.08,0.0,0.52,0.022,12.05,0.52,0.009,10.85,1.98,0.05,0.05,0.07,0
0.23,10.42,0.05,3.89,0.002,6.83,0.2,0.07,0.73,0.0,0.0,0.157,10.83,1.84,0.006,16.47,1.34,0.03,0.06,0.04,1
0.05,24.06,0.04,0.24,0.06,0.08,0.0,1.67,0.5,0.89,0.89,0.062,7.04,1.09,0.007,0.84,2.71,0.1,0.02,0.04,0
0.05,28.82,0.61,1.89,0.12,6.43,0.35,1.02,1.24,0.44,0.001,0.197,10.6,1.77,0.002,36.6,7.37,0.08,0.36,0.09,0
3.87,15.72,0.02,3.28,0.001,3.16,0.07,0.67,0.08,0.0,0.0,0.123,3.28,1.72,0.0,5.54,0.32,0.03,0.06,0.01,1
0.04,0.88,0.48,1.72,0.13,4.58,0.24,1.66,0.64,0.1,0.002,0.124,12.44,1.3,0.007,32.69,3.65,0.05,0.37,0.02,0
0.42,18.15,0.02,0.92,0.004,3.76,0.31,1.6,0.52,0.0,0.0,0.125,9.29,1.43,0.002,36.76,2.38,0.04,0.31,0.01,1
2.74,16.69,0.02,1.4,0.001,1.35,0.57,1.43,1.39,0.0,0.0,0.118,5.46,1.76,0.001,24.43,1.42,0.04,0.05,0.07,1
3.13,0.25,0.02,3.58,0.002,0.81,0.83,0.3,1.24,0.51,0.51,0.098,10.9,1.2,0.003,18.64,1.32,0.04,0.02,0.05,1
0.0,17.02,0.0,0.57,0.03,0.32,0.06,0.08,0.54,0.0,0.005,0.147,8.51,0.68,0.0,4.61,0.08,0.0,0.03,0.0,1
0.05,0.11,0.1,0.44,0.05,0.07,0.01,1.4,0.44,0.07,0.007,0.15,10.3,1.17,0.005,14.05,2.11,0.02,0.04,0.08,0
1.6,16.06,0.28,3.53,0.13,7.98,0.16,0.58,1.07,0.0,0.52,0.103,16.06,2.86,0.005,30.67,6.38,0.01,0.27,0.0,0
0.09,14.35,0.04,1.53,0.06,0.5,0.05,1.3,0.5,0.1,0.008,0.036,2.65,0.51,0.008,0.01,0.28,0.01,0.04,0.02,1
2.04,22.26,0.03,1.79,0.005,5.98,0.7,1.92,1.36,0.94,0.94,0.128,7.67,1.54,0.008,24.13,0.85,0.07,0.36,0.03,1
2.18,22.69,0.04,3.61,0.001,1.66,0.33,1.68,0.48,0.62,0.62,0.147,17.79,1.49,0.004,34.46,1.38,0.1,0.28,0.02,0
3.79,26.13,0.01,3.47,0.005,2.99,0.72,0.17,0.59,0.4,0.008,0.153,11.37,1.44,0.008,9.33,1.3,0.05,0.27,0.07,1
4.39,18.91,0.04,0.73,0.003,2.92,0.41,1.26,1.04,0.0,0.0,0.2,16.09,1.23,0.005,4.79,4.52,0.06,0.45,0.05,1
0.08,6.24,0.07,0.84,0.02,0.54,0.02,0.33,0.82,0.0,0.004,0.093,1.51,0.28,0.004,0.35,0.59,0.03,0.08,0.05,1
1.75,0.69,0.04,3.41,0.009,1.55,0.86,0.26,0.59,0.0,0.0,0.008,12.69,1.61,0.001,25.03,6.26,0.08,0.2,0.06,1
0.56,27.93,0.03,3.58,0.007,7.67,0.27,0.69,1.39,0.0,0.0,0.005,8.17,1.46,0.005,0.07,3.37,0.08,0.13,0.0,1
4.96,5.38,0.02,3.7,0.002,6.39,0.01,0.29,1.14,0.0,0.0,0.174,9.12,1.1,0.006,21.71,0.22,0.04,0.06,0.09,1
0.07,23.59,0.01,3.6,0.001,3.37,0.11,1.17,0.27,0.26,0.005,0.013,17.62,1.97,0.001,54.7,4.29,0.02,0.42,0.08,0
0.09,14.47,0.09,0.13,0.01,0.04,0.06,0.08,1.15,0.0,0.69,0.121,2.47,0.92,0.003,0.81,0.96,0.1,0.02,0.03,0
0.1,9.85,0.03,0.22,0.07,0.16,0.08,0.01,0.9,0.0,0.95,0.014,17.66,0.99,0.007,6.04,2.78,0.1,0.04,0.04,0
4.32,4.93,0.01,0.55,0.006,6.25,0.65,0.2,0.86,0.0,0.0,0.191,18.68,1.68,0.007,4.4,3.49,0.0,0.43,0.02,1
2.79,9.54,0.04,1.72,0.005,6.89,0.56,1.15,0.77,0.77,0.77,0.019,8.61,1.93,0.0,31.13,1.95,0.03,0.32,0.0,1
3.83,8.62,0.04,0.33,0.003,4.95,0.22,1.09,0.4,0.02,0.002,0.125,7.1,1.22,0.008,33.8,6.5,0.01,0.15,0.04,1
0.02,23.6,0.04,1.61,0.0,0.07,0.06,1.27,0.21,0.0,0.67,0.092,5.81,0.71,0.01,5.04,0.32,0.08,0.05,0.09,0
4.74,18.82,0.02,1.6,0.001,2.55,0.82,0.51,0.92,0.14,0.006,0.072,1.59,1.27,0.01,28.2,7.31,0.06,0.42,0.06,1
0.07,1.44,0.38,3.73,0.05,4.53,0.45,0.04,1.05,0.97,0.97,0.001,6.52,1.45,0.006,44.22,6.28,0.01,0.42,0.08,0
0.08,9.06,0.01,0.9,0.03,0.04,0.09,0.85,1.21,0.0,0.0,0.103,13.76,2.04,0.001,2.28,0.93,0.07,0.06,0.03,0
0.43,26.42,0.03,0.45,0.002,7.12,0.25,1.4,0.07,0.74,0.74,0.145,15.12,1.17,0.003,4.14,2.63,0.08,0.22,0.06,1
0.09,10.28,0.16,0.39,0.07,7.54,0.89,0.52,0.32,0.31,0.002,0.11,4.54,2.08,0.0,48.55,4.15,0.01,0.1,0.02,1
1.22,1.36,0.01,3.2,0.001,5.72,0.45,1.45,0.52,0.18,0.003,0.088,0.86,1.51,0.007,49.49,6.59,0.01,0.34,0.01,1
1.27,10.06,0.05,0.75,0.008,6.43,0.19,0.39,1.35,0.0,0.0,0.158,0.9,1.34,0.009,41.53,4.71,0.01,0.22,0.07,1
2.41,23.26,0.03,3.56,0.008,6.26,0.73,1.59,0.27,0.0,0.0,0.183,8.21,1.95,0.006,1.88,3.24,0.06,0.09,0.07,1
2.06,15.16,0.03,3.04,0.007,1.78,0.48,0.75,0.09,0.84,0.84,0.183,11.36,1.98,0.001,31.24,3.6,0.03,0.42,0.05,1
1.6,11.2,0.2,3.41,0.12,7.76,0.03,0.1,1.38,0.26,0.005,0.033,8.02,1.94,0.007,11.71,2.42,0.09,0.26,0.02,0
0.03,3.34,0.65,1.07,0.09,5.62,0.19,0.02,1.43,0.97,0.97,0.001,2.22,1.19,0.002,50.93,7.36,0.03,0.1,0.0,0
3.61,18.91,0.02,2.11,0.009,6.53,0.38,0.67,1.26,0.38,0.007,0.105,18.85,1.67,0.0,3.13,2.22,0.08,0.46,0.02,1
0.06,22.9,0.06,1.58,0.07,0.06,0.03,0.07,1.43,0.0,0.007,0.097,8.12,0.61,0.007,3.03,0.89,0.05,0.04,0.01,1
0.9,10.36,0.001,2.47,0.008,4.76,0.17,1.29,1.01,0.03,0.006,0.013,13.77,1.18,0.002,36.46,0.49,0.09,0.07,0.09,1
3.02,8.27,0.41,2.77,0.12,0.76,0.69,1.05,0.8,0.1,0.003,0.197,18.99,1.09,0.008,24.7,4.25,0.05,0.22,0.01,0
0.22,16.76,0.02,1.37,0.007,6.4,0.49,0.82,1.24,0.83,0.83,0.109,4.79,1.46,0.01,30.42,0.08,0.03,0.31,0.01,1
0.1,25.21,0.01,2.13,0.003,1.22,0.52,0.4,0.59,0.61,0.61,0.04,18.49,1.38,0.01,18.52,0.05,0.03,0.05,0.02,1
0.01,0.72,0.08,0.87,0.09,0.05,0.01,0.49,1.15,0.7,0.7,0.081,10.07,0.66,0.004,0.15,1.51,0.07,0.08,0.07,0
4.71,2.47,0.72,3.79,0.08,7.38,0.32,0.13,0.3,0.0,0.003,0.05,16.68,2.07,0.005,58.67,1.94,0.01,0.41,0.0,0
0.07,11.23,0.04,1.22,0.03,0.16,0.03,1.18,0.88,0.0,0.001,0.032,4.07,0.98,0.003,1.28,0.51,0.06,0.03,0.07,1
2.07,9.21,0.35,2.96,0.01,0.97,0.73,1.49,1.45,0.0,0.009,0.159,3.29,1.36,0.001,4.47,5.52,0.04,0.39,0.0,0
1.51,0.14,0.02,0.06,0.003,5.71,0.88,1.71,1.42,0.27,0.002,0.103,16.16,1.25,0.006,17.24,2.3,0.07,0.0,0.0,1
0.05,9.19,0.03,1.73,0.05,0.26,0.0,1.76,0.56,0.5,0.5,0.096,6.32,1.43,0.002,2.14,0.12,0.1,0.07,0.01,0
0.03,28.54,0.1,0.27,0.05,0.28,0.05,0.04,0.43,0.0,0.73,0.18,9.98,0.61,0.009,11.27,0.85,0.02,0.01,0.01,0
0.04,20.35,0.04,0.46,0.1,0.1,0.09,0.83,1.09,0.34,0.005,0.084,6.64,0.09,0.001,0.09,1.79,0.06,0.01,0.01,0
0.1,27.79,0.03,0.76,0.09,0.27,0.1,0.01,0.43,0.0,0.007,0.033,6.24,0.34,0.001,6.56,1.59,0.01,0.09,0.05,1
0.09,9.73,0.07,0.69,0.04,0.24,0.07,1.89,1.18,0.75,0.75,0.092,7.08,1.66,0.002,3.7,0.96,0.07,0.02,0.07,0
0.02,3.05,0.13,2.6,0.03,3.6,0.36,0.03,0.64,0.18,0.007,0.001,4.76,1.95,0.004,38.76,5.81,0.06,0.34,0.04,0
3.18,19.59,0.04,0.79,0.007,6.3,0.31,1.91,0.96,0.14,0.002,0.132,16.05,1.09,0.01,49.72,5.19,0.02,0.0,0.02,0
0.07,23.39,0.09,0.34,0.03,0.29,0.08,0.09,0.43,0.04,0.003,0.089,14.77,0.29,0.005,0.46,3.2,0.03,0.06,0.03,0
0.09,24.46,0.01,1.68,0.09,0.0,0.05,0.4,0.71,0.0,0.008,0.022,3.13,0.74,0.009,5.89,0.09,0.09,0.1,0.02,1
0.1,7.01,0.0,0.54,0.07,0.15,0.07,1.22,0.33,0.23,0.001,0.151,1.99,1.2,0.0,4.18,0.12,0.1,0.09,0.02,0
2.45,4.24,0.001,1.86,0.006,0.71,0.24,1.32,0.83,0.6,0.6,0.072,7.51,1.12,0.0,37.13,6.87,0.06,0.3,0.0,1
4.0,21.13,0.02,3.2,0.008,0.89,0.52,0.06,0.14,0.66,0.66,0.144,0.54,1.63,0.006,44.82,6.84,0.02,0.46,0.05,0
0.7,24.86,0.001,3.14,0.008,4.36,0.84,0.4,0.71,0.2,0.008,0.022,3.1,1.96,0.009,33.11,1.12,0.09,0.45,0.02,1
0.02,11.97,0.01,0.03,0.08,0.27,0.02,0.09,0.82,0.0,0.62,0.177,14.8,0.17,0.001,0.05,2.18,0.07,0.07,0.07,0
0.17,12.03,0.05,3.87,0.004,4.93,0.71,1.98,1.32,0.0,0.0,0.034,3.35,1.15,0.006,4.8,7.16,0.02,0.21,0.09,1
0.25,22.87,0.01,0.88,0.005,5.21,0.85,0.43,0.69,0.01,0.004,0.15,10.9,1.63,0.006,7.01,4.94,0.02,0.41,0.04,1
0.25,0.98,0.02,1.62,0.004,4.54,0.24,1.66,0.64,0.1,0.002,0.124,12.21,1.06,0.007,24.01,3.65,0.05,0.37,0.02,0
0.41,14.52,0.02,0.77,0.005,0.6,0.8,1.94,1.31,0.69,0.69,0.194,15.32,1.54,0.004,6.86,1.79,0.06,0.42,0.01,1
0.39,18.85,0.56,3.2,0.02,6.95,0.81,0.07,0.78,0.89,0.89,0.001,18.07,2.39,0.004,55.11,7.69,0.01,0.41,0.09,0
4.0,28.24,0.01,0.78,0.001,7.91,0.32,0.21,1.04,1.0,1.0,0.105,4.38,1.6,0.009,4.59,1.04,0.06,0.04,0.03,1
3.2,1.54,0.01,3.25,0.002,4.24,0.45,1.13,1.05,0.0,0.0,0.007,5.79,1.3,0.006,25.84,6.28,0.01,0.42,0.08,1
0.92,13.22,0.04,2.29,0.007,2.34,0.82,1.74,0.52,0.2,0.003,0.105,3.1,1.28,0.009,10.16,6.85,0.01,0.15,0.07,1
4.12,22.38,0.2,2.44,0.08,6.38,0.11,1.64,1.06,0.07,0.001,0.147,7.97,1.94,0.002,9.87,6.02,0.03,0.35,0.07,0
0.6,24.58,0.01,0.71,0.005,3.14,0.77,1.45,0.98,0.35,0.002,0.167,14.66,1.84,0.004,23.43,4.99,0.08,0.25,0.08,1
0.3,17.76,0.81,0.83,0.02,4.92,0.67,1.67,0.02,0.1,0.007,0.028,14.14,1.84,0.009,1.24,6.21,0.06,0.21,0.03,0
1.77,20.46,0.02,3.79,0.001,7.18,0.49,1.16,0.4,0.25,0.002,0.09,5.38,1.72,0.01,3.49,5.83,0.1,0.24,0.04,1
2.93,15.34,0.01,2.39,0.008,1.65,0.25,1.12,1.15,0.0,0.0,0.121,2.47,1.38,0.003,15.13,7.55,0.1,0.01,0.03,1
3.83,18.88,0.04,2.49,0.003,5.71,0.3,0.67,1.08,0.0,0.0,0.008,10.56,1.84,0.008,16.54,3.4,0.08,0.29,0.02,1
2.56,28.59,0.03,2.16,0.004,5.48,0.33,0.89,1.41,0.74,0.74,0.119,11.67,1.94,0.009,15.96,7.08,0.06,0.14,0.01,1
0.32,23.21,0.03,2.75,0.002,1.53,0.18,1.4,0.54,0.01,0.0,0.041,12.19,1.12,0.008,24.65,5.49,0.03,0.09,0.06,1
1.21,0.65,0.04,0.7,0.007,1.83,0.56,1.59,0.13,0.17,0.0,0.076,9.75,1.21,0.01,5.67,1.45,0.05,0.12,0.02,1
0.1,3.49,0.03,1.95,0.06,0.09,0.07,0.69,0.14,0.44,0.008,0.155,5.96,0.96,0.01,4.54,0.77,0.02,0.01,0.02,0
3.47,15.84,0.02,0.06,0.001,5.29,0.47,1.08,1.43,0.89,0.89,0.08,1.91,1.2,0.008,0.18,6.89,0.06,0.12,0.08,1
1.11,0.33,0.28,3.36,0.11,4.09,0.32,1.21,0.32,0.01,0.004,0.021,2.3,1.11,0.002,41.73,2.31,0.0,0.03,0.02,1
0.06,14.46,0.09,0.44,0.07,0.06,0.06,0.04,0.33,0.0,0.83,0.079,15.17,0.44,0.004,0.65,1.67,0.08,0.01,0.08,0
3.79,5.45,0.02,2.79,0.008,5.64,0.29,0.67,0.25,0.0,0.0,0.169,6.98,1.39,0.001,41.33,3.08,0.06,0.49,0.02,1
3.57,28.81,0.04,1.16,0.002,0.63,0.66,1.8,0.55,0.0,0.0,0.097,14.75,1.63,0.004,6.85,1.57,0.08,0.13,0.07,1
0.04,21.76,0.1,0.27,0.09,0.04,0.07,0.53,0.95,0.19,0.004,0.011,12.18,1.29,0.006,5.77,0.32,0.03,0.01,0.05,0
0.07,21.97,0.01,3.58,0.002,6.2,0.23,0.01,1.38,0.13,0.008,0.121,5.4,1.57,0.003,11.3,2.08,0.04,0.08,0.0,1
1.01,12.52,0.02,1.83,0.003,6.76,0.3,0.23,0.21,0.0,0.0,0.097,17.64,1.56,0.009,24.1,3.17,0.05,0.26,0.05,1
0.02,2.14,0.1,0.27,0.0,0.41,0.07,0.4,0.79,0.0,0.0,0.122,7.76,1.86,0.009,1.65,0.28,0.07,0.06,0.01,0
0.01,12.81,0.06,2.68,0.02,0.07,0.05,0.01,1.49,0.0,0.003,0.02,3.74,0.09,0.008,0.78,2.52,0.04,0.01,0.07,0
0.24,10.47,0.01,3.83,0.008,2.84,0.06,1.72,1.06,0.63,0.63,0.171,1.96,1.47,0.005,22.15,1.5,0.02,0.07,0.02,1
0.09,7.37,0.02,1.08,0.05,0.23,0.01,0.04,0.05,0.0,0.005,0.1,9.92,0.57,0.007,2.72,0.1,0.06,0.08,0.05,1
0.1,18.74,0.09,1.25,0.04,0.04,0.09,0.36,0.64,0.69,0.69,0.005,1.16,1.56,0.001,1.38,0.97,0.07,0.08,0.05,0
0.02,8.59,0.08,1.45,0.02,0.26,0.05,1.22,1.06,0.0,0.008,0.103,4.49,0.4,0.007,0.67,3.4,0.01,0.06,0.07,1
0.05,8.0,0.09,3.73,0.05,0.08,0.02,0.06,0.92,0.0,0.0,0.037,6.44,2.06,0.007,0.47,5.33,0.05,0.1,0.05,0
0.06,20.42,0.03,0.65,0.08,0.01,0.01,0.07,1.09,0.0,0.005,0.084,5.88,0.5,0.001,6.28,0.71,0.06,0.01,0.01,1
0.01,20.84,0.07,0.97,0.01,0.03,0.09,1.36,0.66,0.76,0.76,0.11,9.67,1.68,0.006,8.59,3.48,0.08,0.06,0.04,0
3.81,21.58,0.03,3.62,0.001,2.89,0.25,0.79,1.43,0.51,0.51,0.094,5.74,1.31,0.005,41.37,4.76,0.05,0.4,0.03,0
0.07,4.48,0.02,1.65,0.004,4.15,0.48,0.11,1.46,0.75,0.75,0.005,7.38,1.03,0.002,55.52,7.11,0.07,0.46,0.07,0
0.04,6.62,0.08,0.06,0.02,0.3,0.06,0.2,1.15,0.61,0.61,0.133,7.45,1.65,0.0,0.59,2.37,0.03,0.04,0.02,0
1.36,8.71,0.04,3.48,0.005,3.91,0.49,1.53,1.04,0.08,0.001,0.064,13.72,1.99,0.007,32.94,5.56,0.0,0.03,0.08,1
0.97,24.0,0.03,2.45,0.006,2.16,0.1,1.76,0.74,0.32,0.002,0.048,11.35,1.96,0.004,0.48,0.1,0.07,0.09,0.01,1
3.92,0.53,0.05,3.96,0.008,5.18,0.82,0.69,1.35,0.0,0.0,0.139,1.1,1.64,0.006,12.71,1.03,0.04,0.23,0.07,1
3.82,13.59,0.01,0.84,0.001,3.85,0.23,1.69,1.47,0.05,0.008,0.123,5.54,1.13,0.009,14.98,6.13,0.03,0.48,0.05,1
0.75,10.88,0.01,2.59,0.006,3.49,0.89,0.73,1.06,0.0,0.0,0.011,8.32,1.47,0.007,18.51,0.77,0.02,0.36,0.08,1
0.02,2.56,0.06,0.58,0.01,0.51,0.05,0.4,0.79,0.63,0.63,0.122,7.46,1.72,0.009,0.17,0.34,0.07,0.02,0.01,0
0.11,21.58,0.78,0.57,0.04,0.52,0.5,0.44,0.67,0.59,0.59,0.042,15.95,2.38,0.006,42.68,3.61,0.05,0.05,0.02,1
0.05,20.11,0.03,1.28,0.004,6.82,0.54,1.26,1.27,0.23,0.008,0.176,14.58,1.1,0.0,34.55,6.0,0.07,0.31,0.04,0
0.07,5.24,0.06,2.6,0.09,0.04,0.06,1.96,0.5,0.0,0.5,0.196,6.48,0.51,0.004,1.54,0.59,0.07,0.08,0.06,0
0.43,16.29,0.01,3.45,0.006,6.79,0.05,1.18,0.47,0.0,0.0,0.087,0.26,1.53,0.006,18.48,3.02,0.02,0.31,0.06,1
0.1,3.59,0.03,0.24,0.05,0.26,0.04,0.81,1.43,0.72,0.72,0.037,4.41,1.26,0.003,0.43,0.01,0.09,0.08,0.0,0
0.01,8.26,0.02,0.08,0.07,0.06,0.07,0.02,0.21,0.0,0.98,0.01,2.57,0.47,0.002,0.43,0.44,0.09,0.0,0.01,0
4.4,12.18,0.04,0.98,0.006,3.53,0.13,1.17,0.82,0.0,0.0,0.177,14.8,1.03,0.001,2.35,6.52,0.07,0.42,0.07,1
0.01,9.43,0.03,1.83,0.05,0.0,0.09,1.03,0.27,0.19,0.003,0.163,6.0,1.62,0.003,1.14,4.15,0.02,0.03,0.01,0
0.06,22.77,0.1,0.07,0.06,0.1,0.09,0.5,0.85,0.0,0.004,0.034,4.48,0.88,0.007,10.85,0.99,0.09,0.02,0.02,1
3.62,18.04,0.01,0.69,0.004,1.49,0.86,1.44,1.42,0.31,0.007,0.177,0.19,1.2,0.002,37.89,4.95,0.06,0.07,0.06,1
3.69,3.7,0.05,1.81,0.009,7.24,0.4,0.53,0.93,0.36,0.003,0.102,2.53,1.78,0.0,50.04,4.58,0.01,0.45,0.09,1
0.58,5.34,0.1,3.68,0.11,4.7,0.43,1.11,0.07,0.29,0.002,0.155,12.87,1.8,0.002,40.49,0.02,0.07,0.05,0.01,1
0.08,0.41,0.57,2.66,0.08,1.17,0.33,0.06,1.49,0.15,0.001,0.001,10.11,1.85,0.007,53.45,2.54,0.04,0.5,0.09,0
0.06,27.31,0.06,1.2,0.05,0.23,0.09,0.25,0.41,0.0,0.72,0.158,18.01,0.69,0.005,3.32,0.08,0.03,0.09,0.04,0
0.09,23.35,0.1,0.03,0.08,0.4,0.06,0.02,1.03,0.0,0.009,0.137,10.15,0.19,0.002,2.22,0.33,0.06,0.07,0.02,0
0.04,12.61,0.04,2.77,0.05,0.09,0.03,0.25,1.25,0.7,0.7,0.129,15.72,1.81,0.003,1.17,1.8,0.03,0.08,0.07,0
2.99,3.76,0.04,2.24,0.006,0.51,0.4,0.69,0.14,0.0,0.0,0.155,5.88,1.33,0.01,32.51,1.05,0.02,0.43,0.02,1
0.6,27.18,0.04,2.87,0.008,5.24,0.42,1.92,1.44,0.0,0.0,0.154,2.17,1.87,0.007,46.97,6.71,0.01,0.46,0.05,0
0.18,4.08,0.04,0.57,0.006,1.69,0.27,0.6,0.07,0.79,0.79,0.164,0.65,1.14,0.01,53.23,3.44,0.06,0.44,0.04,1
0.01,16.51,0.08,1.88,0.04,0.2,0.05,0.79,0.15,0.62,0.62,0.106,7.18,0.71,0.001,0.56,2.79,0.02,0.08,0.07,0
0.02,4.62,0.04,0.36,0.06,0.09,0.04,0.1,0.37,0.03,0.008,0.081,10.84,0.46,0.007,0.34,0.33,0.03,0.04,0.03,0
0.09,25.18,0.01,0.39,0.07,0.08,0.1,1.67,1.19,0.86,0.86,0.132,1.2,1.26,0.009,5.73,2.22,0.09,0.09,0.03,0
0.01,24.42,0.04,0.24,0.05,0.41,0.08,0.08,0.52,0.0,0.62,0.022,12.63,0.71,0.003,0.1,0.25,0.04,0.05,0.01,0
0.07,19.21,0.02,3.52,0.01,0.09,0.06,0.79,0.32,0.0,0.64,0.044,0.41,0.26,0.001,0.03,2.3,0.08,0.02,0.05,0
0.01,23.13,0.53,2.28,0.01,4.63,0.52,0.03,0.35,0.86,0.86,0.001,8.45,2.89,0.0,14.92,7.82,0.03,0.4,0.01,0
0.04,12.51,0.09,1.04,0.0,0.18,0.09,0.51,1.49,0.0,0.003,0.02,4.36,0.48,0.008,7.13,2.36,0.04,0.04,0.07,0
4.05,24.04,0.001,3.74,0.005,5.24,0.61,1.33,0.18,0.81,0.81,0.041,15.78,1.81,0.01,14.78,1.29,0.0,0.44,0.07,1
3.46,4.78,0.01,1.82,0.001,2.13,0.46,1.83,0.79,0.7,0.7,0.122,1.45,1.53,0.01,50.82,2.0,0.09,0.28,0.0,1
0.03,20.17,0.08,0.41,0.09,0.08,0.03,0.03,1.16,0.0,0.0,0.114,0.83,1.0,0.005,3.15,4.16,0.05,0.0,0.06,1
0.09,22.3,0.04,0.9,0.03,0.22,0.05,0.98,0.27,0.0,0.005,0.012,9.23,0.39,0.004,1.44,0.84,0.07,0.01,0.08,1
0.06,6.32,0.08,0.06,0.04,0.09,0.01,0.03,0.26,0.0,0.61,0.142,2.11,0.17,0.006,0.11,0.67,0.0,0.02,0.0,0
0.04,19.06,0.06,0.1,0.09,0.03,0.1,1.38,0.13,0.36,0.002,0.117,18.84,1.2,0.001,6.69,0.58,0.08,0.05,0.01,0
0.06,18.66,0.03,1.82,0.05,0.28,0.09,0.08,1.01,0.0,0.68,0.198,11.97,0.19,0.007,1.1,0.7,0.03,0.09,0.06,0
0.08,7.51,0.03,0.88,0.06,0.04,0.03,0.09,1.3,0.03,0.007,0.11,1.08,0.56,0.008,8.49,0.25,0.07,0.1,0.04,1
0.03,5.28,0.77,4.47,0.03,6.59,0.01,0.0,1.14,0.77,0.77,0.174,9.59,1.18,0.006,30.27,0.22,0.04,0.06,0.09,0
3.6,8.62,0.01,1.04,0.004,1.41,0.19,1.76,0.21,0.0,0.0,0.01,2.57,1.61,0.002,5.85,1.54,0.09,0.16,0.01,1
3.71,15.18,0.03,2.54,0.004,0.0,0.54,0.59,0.54,0.31,0.001,0.124,17.62,1.1,0.002,23.58,7.03,0.03,0.08,0.0,1
0.01,0.02,0.49,2.45,0.07,4.14,0.61,0.01,0.79,0.15,0.008,0.001,8.5,1.78,0.002,9.82,3.51,0.08,0.21,0.0,0
0.03,27.61,0.23,1.9,0.06,7.33,0.55,0.07,0.59,0.18,0.008,0.001,16.53,2.01,0.009,19.07,5.57,0.04,0.03,0.05,0
4.13,0.59,0.02,3.91,0.001,1.77,0.34,0.04,0.61,0.21,0.001,0.089,9.19,1.07,0.004,38.32,3.97,0.04,0.32,0.06,1
1.74,3.34,0.01,0.72,0.008,7.93,0.51,0.1,0.46,0.0,0.0,0.165,5.52,1.89,0.002,55.72,0.0,0.05,0.04,0.06,1
1.34,4.06,0.04,0.57,0.003,5.3,0.2,0.89,0.61,0.01,0.001,0.117,11.98,1.11,0.004,3.99,2.41,0.02,0.3,0.06,1
0.01,21.84,0.03,0.61,0.04,0.34,0.04,0.05,0.03,0.24,0.002,0.011,6.75,1.38,0.001,4.66,0.86,0.04,0.03,0.07,0
0.08,11.52,0.04,2.11,0.08,4.96,0.46,0.04,0.79,0.43,0.005,0.001,13.59,1.14,0.006,30.31,5.75,0.04,0.35,0.02,0
3.68,10.66,0.03,3.87,0.007,3.53,0.66,0.82,0.57,0.0,0.0,0.023,2.96,1.55,0.007,4.46,3.29,0.03,0.13,0.06,1
0.07,22.5,0.02,0.97,0.09,0.52,0.05,0.02,0.02,0.0,0.008,0.017,13.82,0.0,0.001,2.53,0.68,0.0,0.05,0.06,0
0.06,14.93,0.05,3.63,0.007,7.74,0.7,1.71,0.65,0.64,0.64,0.12,3.01,1.68,0.002,18.56,3.9,0.05,0.41,0.04,0
0.07,9.72,0.05,3.29,0.006,5.25,0.06,1.17,0.9,0.51,0.51,0.13,2.85,1.31,0.01,42.85,4.23,0.0,0.03,0.01,1
1.14,8.89,0.04,2.67,0.001,0.17,0.46,0.1,0.01,0.0,0.0,0.101,15.1,1.36,0.007,10.45,6.0,0.01,0.01,0.04,1
0.04,15.11,0.1,0.77,0.06,0.06,0.08,1.74,1.4,0.94,0.94,0.166,0.78,0.37,0.005,0.56,0.48,0.09,0.05,0.07,0
4.77,23.72,0.02,2.09,0.001,2.4,0.3,0.86,1.34,0.97,0.97,0.086,1.52,1.11,0.002,15.47,4.89,0.04,0.21,0.01,1
0.01,10.0,0.01,2.0,0.0,2.0,0.0,0.09,0.0,0.0,0.0,0.0,0.0,0.0,0.0,0.0,0.0,0.0,0.0,0.0,1
0.02,20.04,0.04,0.94,0.001,6.5,0.3,1.24,0.79,0.7,0.7,0.113,17.44,1.04,0.009,32.76,5.81,0.0,0.44,0.08,0
0.2,2.55,0.52,2.32,0.09,6.46,0.57,0.05,1.25,0.06,0.005,0.048,0.92,2.08,0.008,21.85,1.0,0.08,0.28,0.03,0
0.09,17.84,0.01,0.04,0.1,0.04,0.04,1.58,0.96,0.31,0.009,0.057,7.61,1.59,0.006,1.82,0.38,0.07,0.1,0.07,0
0.23,29.2,0.01,2.96,0.006,0.59,0.27,1.73,0.06,0.42,0.003,0.064,15.42,1.99,0.004,35.48,7.88,0.06,0.05,0.01,0
3.25,3.51,0.01,2.49,0.005,2.16,0.8,1.88,1.34,0.28,0.003,0.116,3.27,1.76,0.009,20.86,1.25,0.08,0.27,0.06,1
0.02,24.68,0.06,1.49,0.08,0.07,0.06,0.66,1.0,0.0,0.67,0.182,12.34,0.95,0.004,10.86,0.78,0.07,0.02,0.0,0
0.03,22.55,0.02,3.85,0.001,3.67,0.17,0.79,0.34,0.21,0.001,0.08,0.55,1.14,0.009,41.46,4.78,0.03,0.1,0.01,1
3.03,13.84,0.01,3.92,0.005,7.81,0.41,1.97,0.61,0.52,0.52,0.095,13.32,1.74,0.005,48.78,2.95,0.01,0.12,0.02,0
0.07,14.0,0.01,0.49,0.05,0.3,0.08,0.07,0.52,0.0,0.007,0.146,7.72,0.27,0.003,4.12,1.05,0.07,0.01,0.01,1
0.08,26.02,0.06,0.52,0.03,0.01,0.05,0.71,0.99,0.75,0.75,0.071,0.31,0.93,0.002,1.13,0.1,0.0,0.01,0.05,0
0.02,17.13,0.26,3.13,0.11,4.01,0.2,0.05,0.13,0.94,0.94,0.001,6.06,2.02,0.002,32.03,4.64,0.04,0.05,0.02,1
0.01,0.0,0.09,1.38,0.07,0.06,0.01,0.45,1.31,0.0,0.0,0.103,2.2,2.02,0.001,1.87,6.16,0.03,0.08,0.08,0
0.17,17.69,0.04,1.87,0.006,1.12,0.38,0.22,1.09,0.57,0.57,0.101,10.34,1.04,0.001,5.73,1.08,0.04,0.03,0.01,1
0.04,7.34,0.07,0.76,0.08,0.01,0.03,1.51,1.46,0.58,0.58,0.061,9.91,1.69,0.004,3.74,0.37,0.03,0.0,0.06,0
0.1,9.79,0.001,1.6,0.008,0.79,0.34,0.01,0.01,0.5,0.5,0.148,10.33,1.95,0.007,47.93,1.23,0.06,0.01,0.02,1
4.69,25.56,0.05,4.44,0.11,8.2,0.49,1.72,0.49,0.0,0.6,0.093,7.99,1.53,0.009,15.28,7.1,0.02,0.46,0.07,0
1.8,0.59,0.1,4.06,0.13,1.63,0.86,0.26,0.59,0.61,0.61,0.008,13.33,1.95,0.001,57.2,6.26,0.08,0.2,0.06,0
4.5,14.44,0.02,1.72,0.009,3.61,0.59,1.45,0.28,0.52,0.52,0.197,8.05,1.45,0.006,15.98,4.47,0.06,0.02,0.08,1
0.08,0.57,0.03,0.63,0.07,0.07,0.07,0.09,0.04,0.0,0.002,0.123,2.06,0.16,0.003,4.17,0.79,0.07,0.0,0.06,0
0.14,2.6,0.03,1.75,0.007,4.86,0.66,0.86,0.11,0.85,0.85,0.101,6.48,1.06,0.008,17.68,5.59,0.04,0.45,0.06,1
2.56,1.36,0.04,3.45,0.003,3.42,0.03,1.39,1.12,0.1,0.001,0.108,9.36,1.58,0.009,42.15,4.39,0.02,0.11,0.07,1
1.77,7.77,0.34,1.02,0.01,6.79,0.28,0.36,0.45,0.0,0.79,0.198,8.09,1.44,0.008,34.69,1.1,0.0,0.33,0.06,0
1.38,20.58,0.001,0.57,0.008,5.38,0.2,0.78,1.5,0.36,0.0,0.004,7.24,1.86,0.002,27.25,7.77,0.09,0.42,0.02,1
0.09,13.41,0.01,0.32,0.06,0.02,0.0,0.03,0.08,0.0,0.63,0.044,16.61,0.98,0.008,4.42,2.37,0.02,0.01,0.09,0
3.69,2.23,0.13,1.75,0.08,5.65,0.82,1.83,0.04,0.84,0.84,0.11,11.71,1.64,0.002,19.25,4.18,0.09,0.07,0.06,0
2.23,25.59,0.02,3.03,0.001,1.53,0.86,0.66,1.0,0.67,0.67,0.182,11.69,1.15,0.004,3.24,1.27,0.07,0.4,0.0,1
0.07,1.91,0.04,2.84,0.08,0.28,0.07,1.79,0.59,0.25,0.008,0.03,12.8,1.68,0.006,2.64,0.81,0.08,0.07,0.04,0
0.07,26.26,0.01,0.18,0.004,2.14,0.08,1.81,0.92,0.7,0.7,0.018,0.35,1.7,0.008,2.59,4.98,0.03,0.3,0.01,0
2.02,9.31,0.03,2.83,0.001,0.88,0.73,1.49,1.45,0.42,0.009,0.159,2.7,1.24,0.001,29.85,5.52,0.04,0.39,0.0,1
3.35,14.3,0.02,1.92,0.006,7.51,0.28,1.86,0.45,0.36,0.003,0.185,0.96,1.44,0.003,19.55,7.29,0.07,0.02,0.01,1
0.09,14.86,0.53,0.87,0.04,6.22,0.0,0.81,0.24,0.15,0.005,0.005,17.13,2.01,0.002,17.68,1.67,0.04,0.0,0.03,1
3.08,8.83,0.05,2.24,0.003,4.77,0.03,1.11,0.36,0.27,0.006,0.189,16.25,1.56,0.01,3.77,7.81,0.01,0.21,0.05,1
3.74,12.36,0.38,2.76,0.11,6.53,0.8,1.8,1.46,0.0,0.0,0.113,10.13,1.26,0.006,19.64,3.95,0.09,0.44,0.07,0
1.8,13.64,0.18,2.11,0.01,0.5,0.51,1.5,0.69,0.0,0.0,0.053,1.97,1.52,0.005,46.35,6.98,0.05,0.15,0.07,0
0.43,10.55,0.04,1.24,0.003,6.78,0.37,1.84,0.22,0.0,0.0,0.035,5.03,1.15,0.002,13.14,7.54,0.0,0.47,0.06,1
0.03,7.2,0.001,2.04,0.005,0.8,0.15,1.65,0.8,0.54,0.54,0.163,10.42,1.76,0.008,55.9,5.88,0.01,0.18,0.0,0
0.05,17.54,0.04,0.21,0.02,0.49,0.06,1.95,0.99,0.05,0.009,0.156,18.99,0.23,0.006,0.23,3.55,0.01,0.04,0.02,0
2.64,11.29,0.88,3.48,0.12,2.51,0.02,1.21,0.75,0.38,0.007,0.008,14.58,1.3,0.004,23.84,1.5,0.02,0.42,0.09,0
1.42,6.3,0.91,0.8,0.05,6.13,0.09,0.99,0.8,0.37,0.002,0.148,18.18,1.94,0.002,41.84,4.08,0.06,0.05,0.01,1
2.38,1.44,0.04,2.36,0.002,6.13,0.08,1.63,0.57,0.68,0.68,0.151,12.31,1.07,0.009,47.49,1.06,0.1,0.07,0.03,1
0.04,27.51,0.88,4.46,0.09,6.72,0.49,0.02,0.41,0.72,0.72,0.001,17.98,1.52,0.005,38.83,3.58,0.03,0.49,0.04,0
0.03,16.56,0.06,0.49,0.09,0.04,0.03,0.02,0.86,0.0,0.002,0.113,0.23,0.21,0.01,2.62,0.98,0.08,0.05,0.03,1
0.01,1.62,0.6,3.25,0.03,0.62,0.25,0.31,1.29,0.56,0.56,0.026,17.96,1.88,0.002,55.87,0.98,0.02,0.21,0.08,0
4.62,17.24,0.41,2.85,0.09,5.45,0.39,0.87,0.3,0.76,0.76,0.022,7.26,2.05,0.009,11.62,6.31,0.09,0.35,0.06,0
3.59,19.74,0.04,2.88,0.004,6.0,0.78,1.92,0.29,0.02,0.007,0.192,13.3,1.44,0.007,6.39,1.27,0.05,0.11,0.06,1
0.23,23.47,0.03,3.01,0.005,7.72,0.04,1.97,0.12,0.52,0.52,0.121,10.85,1.09,0.002,16.15,5.97,0.08,0.2,0.01,0
0.09,13.98,0.09,0.77,0.08,0.05,0.06,0.82,1.16,0.29,0.005,0.198,7.68,1.73,0.01,6.28,4.67,0.06,0.01,0.04,0
0.02,4.34,0.09,0.67,0.07,0.03,0.04,0.08,0.53,0.0,0.0,0.159,15.32,1.0,0.006,4.64,0.84,0.02,0.03,0.03,1
0.0,9.22,0.07,0.68,0.08,0.64,0.09,1.04,0.58,0.5,0.5,0.106,14.85,1.82,0.005,12.05,1.84,0.03,0.05,0.01,0
0.39,26.55,0.07,1.56,0.03,5.07,0.67,1.99,0.08,0.1,0.008,0.172,17.61,2.14,0.001,46.86,0.01,0.08,0.02,0.02,1
0.94,23.14,0.62,4.14,0.04,1.05,0.26,0.5,0.85,0.0,0.0,0.034,4.5,1.39,0.007,49.1,3.23,0.09,0.03,0.02,0
3.38,0.13,0.03,1.36,0.003,2.38,0.01,0.93,1.44,0.53,0.53,0.199,12.84,1.25,0.01,47.83,2.74,0.03,0.24,0.05,1
0.23,21.02,0.7,1.3,0.11,2.11,0.25,0.83,1.09,0.34,0.005,0.084,6.18,1.68,0.001,22.15,4.6,0.06,0.04,0.01,1
2.47,28.5,0.001,3.67,0.002,3.63,0.63,1.47,1.37,0.0,0.0,0.197,13.53,1.09,0.005,11.55,2.13,0.09,0.05,0.03,1
2.78,0.51,0.04,2.44,0.006,1.09,0.33,1.94,1.49,0.15,0.001,0.114,9.96,1.84,0.007,28.44,2.54,0.04,0.5,0.09,1
0.05,3.41,0.02,0.84,0.06,0.29,0.04,0.07,0.45,0.0,0.002,0.149,18.77,0.76,0.004,3.72,2.72,0.1,0.02,0.03,0
2.99,0.22,0.001,2.58,0.008,1.43,0.35,1.69,1.32,0.99,0.99,0.063,16.95,1.17,0.003,27.25,2.39,0.07,0.25,0.0,1
0.01,13.68,0.07,1.02,0.07,0.09,0.03,0.36,0.37,0.45,0.001,0.033,9.55,1.38,0.005,0.5,0.8,0.05,0.09,0.06,0
0.53,4.86,0.001,2.19,0.001,1.51,0.26,1.28,0.99,0.42,0.002,0.165,4.0,1.07,0.005,29.27,5.69,0.02,0.28,0.06,1
0.49,28.18,0.04,0.26,0.005,2.11,0.65,0.62,0.44,0.31,0.002,0.136,12.26,1.1,0.004,18.2,2.12,0.09,0.37,0.02,1
0.04,1.68,0.04,0.07,0.07,0.32,0.01,0.86,0.11,0.85,0.85,0.101,6.48,1.06,0.008,0.71,3.94,0.04,0.04,0.06,0
0.04,9.03,0.05,0.01,0.09,0.24,0.08,1.37,0.71,0.99,0.99,0.112,11.47,1.33,0.001,2.13,0.75,0.0,0.02,0.06,0
2.59,5.8,0.001,1.99,0.002,6.45,0.07,0.65,1.5,0.79,0.79,0.118,11.34,1.97,0.002,46.13,2.35,0.01,0.31,0.06,0
2.76,9.25,0.02,0.2,0.009,1.9,0.7,1.33,0.71,0.0,0.0,0.014,7.64,1.55,0.006,34.35,6.67,0.01,0.16,0.02,1
0.0,21.07,0.01,0.1,0.05,0.02,0.1,0.06,0.14,0.66,0.66,0.144,0.54,1.63,0.006,1.44,5.38,0.02,0.06,0.05,0
0.0,28.45,0.53,3.79,0.1,6.34,0.88,1.23,1.48,0.57,0.57,0.106,7.17,1.23,0.005,17.87,7.71,0.09,0.09,0.04,0
0.0,10.19,0.06,0.09,0.09,0.05,0.04,1.05,0.96,0.0,0.008,0.049,2.31,0.45,0.001,4.74,0.4,0.01,0.02,0.05,1
1.39,9.01,0.02,0.78,0.007,1.8,0.27,0.83,0.48,0.43,0.003,0.124,1.67,1.88,0.003,45.85,2.07,0.06,0.31,0.03,1
0.08,16.91,0.02,0.23,0.08,0.1,0.06,0.41,0.72,0.0,0.007,0.02,1.1,0.67,0.01,9.02,1.57,0.06,0.1,0.02,1
0.05,23.8,0.25,3.06,0.09,1.16,0.54,0.05,1.03,0.04,0.007,0.067,14.51,1.37,0.0,20.03,2.42,0.05,0.23,0.0,0
0.09,7.96,0.09,0.29,0.09,0.03,0.09,1.49,1.45,0.42,0.009,0.159,3.66,1.44,0.001,0.24,1.9,0.04,0.09,0.0,0
4.01,21.89,0.8,2.34,0.12,7.76,0.3,0.43,0.9,0.0,0.79,0.199,2.11,1.84,0.001,47.81,7.79,0.09,0.1,0.03,0
0.18,22.11,0.42,2.93,0.04,0.48,0.21,1.32,1.23,0.56,0.56,0.049,19.29,2.23,0.007,32.02,0.51,0.06,0.2,0.0,0
3.05,5.71,0.01,0.8,0.001,4.22,0.01,0.85,0.24,0.49,0.001,0.021,11.5,1.48,0.004,13.89,0.18,0.02,0.18,0.05,1
4.41,26.35,0.95,4.14,0.02,8.01,0.55,1.62,1.48,0.99,0.99,0.162,1.81,1.41,0.003,23.1,7.87,0.02,0.31,0.04,0
0.0,28.88,0.05,0.38,0.02,0.08,0.08,1.92,0.72,0.42,0.004,0.009,9.68,1.51,0.002,3.17,0.35,0.05,0.02,0.09,0
1.28,27.62,0.04,1.01,0.009,7.85,0.03,0.29,0.66,0.54,0.54,0.048,4.78,1.83,0.0,9.13,1.6,0.02,0.21,0.05,1
2.46,9.9,0.001,1.09,0.008,5.87,0.57,0.37,0.95,0.0,0.0,0.072,2.98,1.95,0.002,26.27,4.53,0.02,0.11,0.02,1
0.03,7.63,0.04,0.81,0.06,0.12,0.0,0.0,0.81,0.0,0.007,0.148,6.19,0.96,0.008,1.32,0.5,0.03,0.09,0.02,1
0.06,19.75,0.06,0.12,0.06,0.2,0.07,0.13,0.82,0.48,0.008,0.088,16.2,1.99,0.0,1.03,0.99,0.05,0.0,0.02,0
0.07,19.12,0.06,0.7,0.07,0.03,0.06,0.04,0.26,0.0,0.92,0.105,4.15,0.78,0.006,5.31,0.28,0.01,0.08,0.04,0
0.07,10.62,0.09,0.43,0.03,0.07,0.05,0.08,0.47,0.0,0.0,0.176,19.22,1.7,0.008,0.58,7.17,0.06,0.05,0.02,0
0.1,3.27,0.08,1.2,0.05,0.03,0.08,0.46,1.43,0.43,0.003,0.08,18.04,1.84,0.005,9.51,0.2,0.02,0.01,0.06,0
2.82,-0.01,0.47,1.55,0.11,5.79,0.54,1.95,0.56,0.0,0.94,0.006,16.73,2.04,0.009,29.2,4.31,0.01,0.06,0.01,1
0.1,29.71,0.1,0.01,0.06,0.19,0.08,1.34,0.69,0.77,0.77,0.11,0.52,1.23,0.003,6.54,0.73,0.06,0.08,0.04,0
0.07,1.97,0.27,3.36,0.02,3.28,0.25,0.39,0.76,0.15,0.004,0.082,15.64,2.56,0.01,3.73,2.82,0.02,0.45,0.01,0
1.16,29.37,0.05,1.29,0.002,2.56,0.44,0.9,0.28,0.0,0.0,0.059,9.91,1.7,0.006,3.18,2.08,0.06,0.5,0.08,1
0.09,1.37,0.02,1.87,0.07,0.27,0.02,0.08,1.05,0.0,0.97,0.007,5.79,0.88,0.006,0.56,1.7,0.01,0.05,0.08,0
0.29,23.74,0.02,2.64,0.007,6.13,0.87,1.41,0.37,0.79,0.79,0.085,5.17,1.47,0.007,26.27,1.89,0.06,0.13,0.08,1
0.1,17.04,0.08,0.64,0.05,0.72,0.06,0.57,1.44,0.0,0.003,0.092,7.89,0.2,0.009,0.21,0.92,0.02,0.04,0.07,1
0.06,1.96,0.04,0.7,0.1,0.26,0.09,0.33,0.22,0.31,0.008,0.163,11.72,1.18,0.007,2.65,0.53,0.04,0.06,0.06,0
0.47,26.77,0.02,0.29,0.006,7.36,0.15,1.65,0.08,0.51,0.51,0.025,13.73,1.53,0.002,30.29,4.41,0.08,0.34,0.06,0
0.08,9.62,0.05,0.22,0.06,0.02,0.04,1.34,0.26,0.07,0.008,0.113,2.25,1.5,0.01,3.71,1.18,0.09,0.01,0.04,0
1.56,23.09,0.1,4.27,0.12,8.13,0.15,0.96,1.41,0.0,0.99,0.13,12.32,1.51,0.001,38.76,4.74,0.01,0.03,0.03,1
0.61,8.71,0.05,2.46,0.002,7.33,0.43,0.7,0.8,0.97,0.97,0.1,18.78,1.99,0.001,27.53,5.96,0.05,0.08,0.0,1
0.31,0.9,0.01,1.54,0.007,2.94,0.14,0.91,0.16,0.89,0.89,0.052,5.73,1.76,0.003,32.32,6.42,0.03,0.33,0.08,1
0.03,9.13,0.05,0.77,0.05,0.09,0.05,1.17,0.9,0.95,0.95,0.014,17.98,0.79,0.007,0.23,5.53,0.1,0.01,0.04,0
0.08,7.94,0.08,0.68,0.06,0.19,0.06,0.76,1.05,0.0,0.0,0.185,14.12,2.26,0.003,0.49,0.57,0.05,0.05,0.07,0
2.76,4.15,0.02,2.0,0.005,4.25,0.19,1.23,0.86,0.87,0.87,0.019,16.16,1.18,0.007,34.48,1.62,0.01,0.21,0.08,1
0.1,6.79,0.1,2.34,0.08,0.04,0.01,0.66,1.0,0.67,0.67,0.182,11.69,1.25,0.004,6.66,0.58,0.07,0.07,0.0,0
1.14,17.45,0.35,1.32,0.04,1.45,0.38,0.41,0.72,0.0,0.007,0.02,1.27,1.55,0.01,45.06,2.97,0.06,0.1,0.02,1
0.08,0.24,0.08,0.25,0.05,0.05,0.01,0.0,0.63,0.44,0.0,0.139,15.92,2.28,0.002,3.62,1.04,0.1,0.0,0.08,0
3.46,4.97,0.01,1.67,0.006,3.7,0.49,0.41,1.22,0.29,0.006,0.101,16.82,1.29,0.001,18.51,5.73,0.07,0.18,0.05,1
0.03,29.02,0.03,1.21,0.003,6.14,0.36,1.18,1.1,0.38,0.005,0.044,6.87,1.45,0.006,16.61,2.27,0.06,0.24,0.0,0
0.09,10.99,0.08,0.66,0.01,0.1,0.02,0.74,0.54,0.45,0.0,0.181,12.69,1.0,0.005,0.52,1.89,0.03,0.08,0.0,0
0.1,8.65,0.0,2.5,0.04,0.02,0.05,0.7,0.32,0.65,0.65,0.168,2.43,1.16,0.003,0.31,0.81,0.09,0.1,0.01,0
0.04,23.49,0.28,4.27,0.06,3.52,0.11,0.04,0.27,0.26,0.005,0.001,18.03,2.11,0.001,51.57,4.29,0.02,0.42,0.08,0
0.03,8.97,0.04,0.84,0.03,0.02,0.1,0.83,0.48,0.43,0.003,0.124,1.67,1.88,0.003,6.39,0.07,0.06,0.04,0.03,0
0.04,6.2,0.06,0.28,0.04,0.59,0.02,0.33,0.82,0.29,0.004,0.093,1.51,1.0,0.004,1.4,0.03,0.03,0.03,0.05,0
4.24,23.27,0.98,2.34,0.07,7.14,0.47,1.95,1.38,0.0,0.0,0.191,19.06,1.12,0.009,1.23,2.4,0.05,0.35,0.02,0
4.39,1.13,0.01,1.79,0.001,0.46,0.58,0.24,0.05,0.0,0.0,0.102,15.03,1.57,0.007,28.11,4.04,0.03,0.25,0.03,1
0.08,0.28,0.06,1.37,0.09,0.03,0.07,0.91,1.26,0.0,0.0,0.16,16.0,1.25,0.004,7.38,0.62,0.01,0.06,0.08,0
1.55,10.16,0.01,2.91,0.006,0.07,0.84,0.71,1.43,0.58,0.58,0.144,1.6,1.03,0.009,27.95,7.67,0.05,0.23,0.01,1
3.73,25.53,0.02,0.25,0.004,6.99,0.61,1.67,1.19,0.86,0.86,0.132,1.2,1.26,0.009,27.75,3.12,0.09,0.05,0.03,1
0.39,16.72,0.94,2.76,0.07,1.7,0.12,1.05,0.86,0.37,0.002,0.113,0.63,1.54,0.01,18.52,7.65,0.08,0.19,0.03,0
0.02,0.01,0.05,0.31,0.09,0.59,0.04,0.08,0.38,0.38,0.006,0.16,15.48,0.53,0.007,0.47,0.8,0.07,0.0,0.04,0
4.62,24.92,0.001,0.6,0.002,3.31,0.4,0.13,1.42,0.48,0.006,0.182,10.66,1.41,0.005,10.0,4.73,0.0,0.26,0.05,1
1.13,12.27,0.02,1.05,0.006,7.43,0.66,1.63,0.27,0.0,0.0,0.166,0.02,1.03,0.003,30.52,0.24,0.0,0.06,0.05,1
0.03,3.8,0.02,3.51,0.05,0.04,0.08,1.98,0.28,0.0,0.0,0.11,10.18,1.57,0.007,0.09,0.98,0.02,0.02,0.03,0
1.26,17.49,0.42,3.08,0.03,1.71,0.71,0.54,1.41,0.99,0.99,0.113,9.9,1.61,0.004,52.6,2.18,0.04,0.24,0.06,0
3.62,21.92,0.02,0.72,0.004,2.12,0.0,1.47,1.24,0.83,0.83,0.026,0.66,1.49,0.009,3.98,6.65,0.1,0.18,0.09,1
2.89,26.86,0.01,0.7,0.002,2.5,0.62,0.28,1.11,0.2,0.008,0.052,0.55,1.61,0.008,31.62,4.54,0.06,0.48,0.02,1
0.05,28.63,0.08,0.16,0.05,0.38,0.09,0.72,0.53,0.35,0.007,0.03,6.98,1.8,0.009,0.14,0.49,0.01,0.08,0.09,0
0.08,16.31,0.06,0.29,0.09,0.58,0.1,0.06,0.34,0.0,0.85,0.065,17.86,0.15,0.003,3.09,0.46,0.1,0.03,0.01,0
0.05,10.19,0.07,0.91,0.08,0.48,0.1,0.09,1.32,0.0,0.0,0.034,4.06,0.0,0.006,0.01,0.0,0.02,0.02,0.0,1
4.98,8.26,0.38,0.45,0.01,3.18,0.57,1.18,0.03,0.28,0.0,0.069,0.64,1.69,0.004,38.13,1.73,0.05,0.43,0.04,0
0.01,1.84,0.27,0.49,0.04,4.81,0.04,0.65,0.2,0.45,0.005,0.013,16.98,2.08,0.003,24.29,3.1,0.01,0.01,0.01,1
0.01,10.44,0.1,0.65,0.07,0.44,0.06,0.92,1.2,0.0,0.0,0.01,19.41,1.97,0.002,0.01,2.0,0.01,0.0,0.04,0
3.37,18.41,0.05,2.36,0.004,1.36,0.68,1.45,1.4,0.28,0.003,0.102,8.47,1.48,0.002,19.33,1.31,0.01,0.18,0.04,1
0.06,13.23,0.1,2.0,0.01,0.24,0.02,0.04,0.55,0.58,0.58,0.127,1.76,1.8,0.004,0.51,2.76,0.03,0.03,0.01,0
0.19,0.75,0.02,0.71,0.008,7.59,0.34,0.36,1.14,0.22,0.002,0.065,1.2,1.89,0.01,56.89,2.74,0.02,0.18,0.06,1
0.19,22.84,0.001,0.09,0.004,1.11,0.54,1.21,1.33,0.0,0.0,0.116,12.05,1.58,0.009,21.2,0.46,0.03,0.0,0.03,1
3.62,3.82,0.001,0.58,0.003,7.06,0.45,1.61,0.45,0.24,0.002,0.149,18.77,1.69,0.004,23.25,4.39,0.1,0.33,0.03,1
0.07,23.6,0.09,0.42,0.01,0.05,0.05,1.17,1.09,0.46,0.008,0.089,13.08,1.52,0.004,4.06,0.14,0.03,0.04,0.08,0
0.46,22.49,0.04,0.04,0.001,3.04,0.68,0.42,0.71,0.85,0.85,0.079,0.21,1.57,0.005,42.98,1.02,0.05,0.27,0.01,1
2.22,21.94,0.98,4.75,0.03,4.3,0.38,0.16,0.12,0.63,0.63,0.026,5.61,1.92,0.007,45.46,7.46,0.07,0.3,0.0,0
3.67,9.92,0.02,2.78,0.002,5.4,0.1,1.09,0.37,0.53,0.53,0.075,15.62,1.01,0.009,12.9,5.69,0.05,0.38,0.09,1
3.63,27.81,0.03,3.45,0.008,7.02,0.16,0.75,0.2,0.69,0.69,0.104,5.13,1.31,0.006,39.03,6.3,0.03,0.25,0.08,0
0.02,19.33,0.001,1.19,0.003,2.54,0.42,0.38,0.47,0.0,0.0,0.176,18.79,1.54,0.008,18.24,7.17,0.06,0.45,0.02,1
3.98,11.08,0.96,1.03,0.04,1.65,0.61,0.84,0.55,0.0,0.78,0.118,6.33,1.62,0.003,19.5,2.44,0.04,0.04,0.07,0
3.61,21.65,0.24,1.32,0.05,4.8,0.08,1.65,0.03,0.17,0.001,0.067,6.07,1.69,0.001,24.15,2.73,0.03,0.19,0.0,0
1.37,19.98,0.02,2.45,0.002,6.12,0.35,1.69,1.35,0.63,0.63,0.106,18.08,1.28,0.01,21.31,4.14,0.04,0.12,0.05,1
1.15,20.06,0.02,2.73,0.005,1.86,0.81,0.36,0.73,0.47,0.0,0.003,14.01,1.36,0.005,10.62,4.48,0.03,0.38,0.02,1
0.01,18.97,0.04,1.47,0.006,1.78,0.03,1.34,0.26,0.07,0.008,0.113,1.51,1.4,0.01,49.53,2.73,0.09,0.11,0.04,0
0.08,11.47,0.02,2.51,0.003,4.18,0.6,1.34,0.03,0.18,0.006,0.061,14.24,1.53,0.003,40.77,5.06,0.09,0.22,0.04,0
4.47,23.41,0.74,0.92,0.08,0.85,0.63,1.33,1.37,0.0,0.0,0.042,12.17,2.07,0.001,47.49,1.83,0.07,0.03,0.02,1
0.71,17.58,0.03,3.59,0.006,0.08,0.72,0.72,1.32,0.99,0.99,0.087,2.5,1.44,0.003,31.84,3.03,0.08,0.39,0.03,1
4.07,6.44,0.001,3.07,0.004,6.56,0.18,0.33,0.22,0.31,0.008,0.163,11.01,1.1,0.007,19.37,3.14,0.04,0.38,0.06,1
0.07,22.95,0.09,0.23,0.09,0.1,0.07,0.1,0.35,0.0,0.86,0.132,7.97,0.43,0.0,0.11,6.61,0.03,0.01,0.01,0
3.88,11.07,0.05,1.02,0.005,6.1,0.2,1.13,1.34,0.0,0.0,0.162,1.99,1.45,0.008,22.66,3.71,0.03,0.0,0.07,1
3.44,15.67,0.01,2.19,0.001,0.75,0.39,0.76,0.24,0.28,0.007,0.027,3.77,1.78,0.001,1.17,3.75,0.07,0.02,0.06,1
0.03,0.41,0.04,1.17,0.08,0.02,0.03,0.05,0.44,0.07,0.007,0.15,10.3,0.81,0.005,6.7,3.12,0.02,0.02,0.08,0
0.05,21.73,0.06,3.05,0.09,0.32,0.03,0.16,0.12,0.63,0.63,0.026,4.97,0.94,0.007,1.3,6.13,0.07,0.0,0.0,0
0.1,18.42,0.07,0.09,0.09,0.3,0.02,0.68,1.36,0.74,0.74,0.126,1.51,1.01,0.007,0.4,0.5,0.01,0.04,0.08,0
0.05,5.34,0.19,3.45,0.03,4.62,0.43,0.08,0.07,0.29,0.002,0.155,12.02,1.26,0.002,39.67,0.02,0.07,0.05,0.01,1
3.85,11.33,0.03,0.31,0.005,6.68,0.63,1.66,0.53,0.0,0.0,0.03,6.73,1.41,0.008,1.7,2.26,0.08,0.32,0.07,1
0.07,8.89,0.04,2.67,0.001,0.17,0.46,0.1,0.01,0.92,0.92,0.101,15.1,1.36,0.007,10.45,6.0,0.01,0.01,0.04,0
0.02,3.9,0.03,0.23,0.05,0.06,0.08,0.07,0.7,0.01,0.0,0.008,6.74,0.61,0.006,0.17,3.07,0.06,0.04,0.08,1
0.28,9.87,0.01,3.62,0.003,3.7,0.62,1.15,1.49,0.0,0.0,0.087,15.79,1.91,0.006,16.09,4.27,0.1,0.45,0.07,1
0.17,21.68,0.01,0.42,0.002,0.17,0.5,0.44,0.67,0.59,0.59,0.042,15.34,1.68,0.006,1.22,3.61,0.05,0.05,0.02,1
0.05,27.89,0.02,3.81,0.007,1.36,0.08,1.24,0.66,0.68,0.68,0.182,2.19,1.2,0.009,9.83,6.17,0.01,0.07,0.07,0
1.52,29.23,0.02,1.43,0.006,3.29,0.46,0.01,1.28,0.77,0.77,0.144,2.06,1.93,0.002,29.0,2.27,0.02,0.25,0.07,1
4.34,21.58,0.39,0.95,0.11,0.45,0.5,0.44,0.67,0.0,0.59,0.042,16.1,1.77,0.006,42.6,3.61,0.05,0.05,0.02,1
0.27,9.69,0.2,2.28,0.05,0.94,0.34,0.01,0.01,0.5,0.5,0.148,10.64,2.28,0.007,37.97,1.23,0.06,0.01,0.02,1
2.91,5.19,0.02,2.66,0.008,5.07,0.33,0.72,0.42,0.75,0.75,0.07,12.32,1.26,0.005,21.38,3.49,0.0,0.38,0.03,1
0.08,1.73,0.07,1.89,0.07,0.09,0.06,1.33,1.0,0.0,0.005,0.152,17.0,0.08,0.006,2.94,1.23,0.07,0.09,0.06,0
4.98,7.48,0.04,3.91,0.003,1.1,0.81,1.52,0.94,0.0,0.0,0.042,2.06,1.43,0.008,13.7,1.71,0.05,0.49,0.02,1
0.09,25.93,0.04,3.16,0.007,5.61,0.2,1.58,0.15,0.72,0.72,0.013,8.83,1.22,0.008,8.7,3.22,0.06,0.07,0.09,1
0.61,27.83,0.55,4.49,0.03,7.99,0.27,0.69,1.39,0.89,0.89,0.005,8.89,1.72,0.005,11.21,3.37,0.08,0.13,0.0,0
0.07,14.96,0.01,0.17,0.002,6.21,0.0,0.81,0.24,0.15,0.005,0.005,16.78,1.58,0.002,18.68,1.67,0.04,0.0,0.03,1
4.93,23.98,0.04,3.05,0.008,0.7,0.51,1.35,1.07,0.7,0.7,0.101,1.16,1.11,0.008,26.8,5.58,0.09,0.38,0.03,1
0.01,21.89,0.71,2.92,0.04,7.77,0.3,0.43,0.9,0.79,0.79,0.199,2.07,2.0,0.001,47.98,7.79,0.09,0.1,0.03,0
0.09,11.63,0.1,0.0,0.06,0.2,0.06,1.63,0.27,0.62,0.62,0.166,0.02,1.03,0.003,2.54,0.15,0.0,0.09,0.05,0
0.08,22.94,0.06,1.19,0.09,0.36,0.04,0.21,1.43,0.32,0.007,0.097,8.12,1.45,0.007,3.09,0.11,0.05,0.09,0.01,0
0.22,10.37,0.02,4.53,0.02,3.34,0.06,1.72,1.06,0.63,0.63,0.171,2.11,1.72,0.005,31.0,1.5,0.02,0.07,0.02,1
4.98,7.69,0.04,0.63,0.007,2.83,0.19,1.0,0.36,0.3,0.005,0.092,0.37,1.27,0.008,55.45,3.8,0.09,0.32,0.04,1
3.37,21.74,0.37,4.0,0.12,6.24,0.23,0.76,1.16,0.0,0.0,0.049,17.03,2.21,0.006,8.68,4.29,0.07,0.08,0.0,1
0.14,23.41,0.27,1.11,0.06,0.84,0.63,1.33,1.37,0.09,0.008,0.042,11.71,2.37,0.001,48.07,1.83,0.07,0.03,0.02,1
0.08,13.9,0.86,1.04,0.11,2.39,0.29,0.99,0.31,0.01,0.007,0.19,11.3,1.44,0.003,35.07,3.41,0.04,0.09,0.04,0
0.06,4.8,0.05,0.89,0.05,0.01,0.03,0.25,0.11,0.71,0.71,0.09,1.81,1.46,0.004,4.65,3.92,0.06,0.02,0.03,0
0.02,27.85,0.04,0.33,0.05,0.06,0.09,0.03,1.4,0.0,0.008,0.108,5.36,0.9,0.003,1.64,1.58,0.02,0.01,0.08,1
0.03,18.24,0.03,1.05,0.06,0.09,0.01,1.45,1.4,0.28,0.003,0.102,8.47,1.48,0.002,3.6,0.2,0.01,0.09,0.04,0
0.05,10.11,0.03,0.3,0.001,4.08,0.03,0.9,1.24,0.6,0.6,0.061,0.37,1.16,0.007,43.79,0.56,0.06,0.21,0.03,0
3.38,10.07,0.01,2.68,0.009,3.05,0.49,1.08,1.14,0.91,0.91,0.135,5.35,1.83,0.006,44.5,0.1,0.03,0.21,0.06,1
1.89,15.42,0.05,1.38,0.001,6.02,0.33,0.22,0.01,0.76,0.76,0.052,14.91,1.06,0.009,21.87,4.74,0.01,0.26,0.05,1
0.01,19.07,0.04,1.18,0.009,4.69,0.65,0.73,0.82,0.7,0.7,0.122,2.16,1.55,0.007,40.53,2.87,0.1,0.01,0.04,1
3.65,8.14,0.81,2.54,0.12,1.5,0.08,1.89,0.65,0.0,0.0,0.011,13.96,1.9,0.001,23.73,5.78,0.08,0.04,0.07,0
1.48,28.35,0.05,3.75,0.005,1.81,0.27,0.97,0.06,0.12,0.008,0.189,2.43,1.12,0.008,11.97,4.29,0.07,0.31,0.08,1
0.06,14.0,0.83,3.27,0.02,4.43,0.36,1.6,0.15,0.91,0.91,0.01,14.49,1.88,0.006,38.45,2.96,0.04,0.33,0.0,0
2.91,7.46,0.02,0.93,0.009,0.48,0.77,1.03,0.57,0.71,0.71,0.005,0.92,1.56,0.006,22.24,7.23,0.09,0.2,0.0,1
0.07,10.73,0.02,0.8,0.02,0.03,0.06,0.72,0.87,0.17,0.001,0.033,19.23,1.34,0.004,6.37,0.93,0.08,0.08,0.04,0
3.0,3.92,0.04,1.05,0.001,1.64,0.04,0.02,0.47,0.28,0.005,0.141,6.15,1.78,0.007,41.93,3.5,0.01,0.47,0.09,1
0.02,11.63,0.0,0.71,0.09,0.12,0.06,0.3,0.14,0.0,0.0,0.044,6.23,1.58,0.0,2.12,0.4,0.06,0.06,0.07,0
0.02,25.05,0.09,0.7,0.09,0.02,0.09,0.05,0.16,0.0,0.003,0.043,6.83,0.23,0.008,0.4,4.42,0.02,0.05,0.05,1
0.39,1.34,0.02,1.99,0.005,4.02,0.15,1.43,0.68,0.42,0.005,0.108,16.61,1.58,0.001,36.04,2.6,0.04,0.2,0.01,1
0.04,22.98,0.02,0.99,0.03,0.08,0.01,0.09,0.27,0.0,0.005,0.012,8.32,0.14,0.004,0.45,0.22,0.07,0.03,0.08,1
1.21,11.64,0.03,2.56,0.007,6.8,0.09,1.18,0.88,0.28,0.001,0.032,3.23,1.74,0.003,30.86,7.46,0.06,0.03,0.07,1
3.29,24.1,0.05,2.89,0.008,3.95,0.56,0.92,1.09,0.75,0.75,0.085,6.03,1.33,0.009,24.98,1.78,0.05,0.42,0.01,1
0.04,11.12,0.02,1.19,0.001,4.18,0.41,1.69,0.39,0.05,0.004,0.125,2.31,1.22,0.003,4.06,5.6,0.05,0.01,0.02,0
3.53,21.87,0.69,4.45,0.12,7.18,0.23,0.01,1.38,0.13,0.008,0.121,5.44,1.82,0.003,28.6,2.08,0.04,0.08,0.0,1
0.05,6.94,0.08,1.0,0.01,0.28,0.05,0.77,0.81,0.2,0.007,0.148,6.19,1.75,0.008,3.31,0.29,0.03,0.03,0.02,0
0.07,21.65,0.28,2.07,0.06,5.23,0.08,0.09,0.03,0.17,0.001,0.067,5.58,1.75,0.001,24.18,2.73,0.03,0.19,0.0,0
0.04,0.8,0.09,0.23,0.01,0.49,0.09,1.06,1.18,0.0,0.0,0.115,16.38,2.25,0.003,0.31,0.56,0.01,0.02,0.06,0
2.34,24.12,0.01,1.1,0.002,2.77,0.09,1.16,1.32,0.1,0.005,0.188,11.23,1.08,0.006,42.47,5.58,0.0,0.33,0.07,0
0.03,18.91,0.02,2.11,0.009,6.53,0.38,0.67,1.26,0.38,0.007,0.105,18.85,1.67,0.0,3.13,2.22,0.08,0.46,0.02,0
2.96,19.49,0.1,1.77,0.09,6.62,0.06,1.69,0.94,0.51,0.51,0.198,10.91,1.65,0.008,44.09,7.92,0.08,0.09,0.03,0
0.73,22.36,0.04,2.93,0.001,5.92,0.71,0.53,0.95,0.19,0.004,0.011,12.18,1.29,0.006,33.58,3.57,0.03,0.01,0.05,0
0.01,26.59,0.04,0.75,0.08,0.04,0.04,0.07,0.03,0.0,0.004,0.055,5.22,0.18,0.0,7.07,0.97,0.09,0.08,0.05,1
3.72,2.48,0.04,1.24,0.002,1.96,0.71,0.81,0.54,0.0,0.0,0.019,15.41,1.8,0.007,14.97,0.6,0.09,0.13,0.03,1
0.06,18.53,0.09,0.4,0.07,0.18,0.09,1.69,0.94,0.51,0.51,0.198,11.31,0.62,0.008,3.44,2.98,0.08,0.01,0.03,0
0.39,15.16,0.03,3.04,0.007,1.78,0.48,0.75,0.09,0.84,0.84,0.183,11.36,1.98,0.001,31.24,3.6,0.03,0.42,0.05,0
0.01,20.75,0.001,2.52,0.007,2.98,0.08,1.55,0.14,0.89,0.89,0.041,2.29,1.61,0.008,1.49,3.44,0.01,0.22,0.02,0
0.04,13.28,0.04,0.28,0.02,0.1,0.0,0.0,0.7,0.08,0.001,0.144,8.95,0.18,0.005,1.35,4.1,0.06,0.01,0.02,1
0.0,27.11,0.07,0.82,0.09,0.04,0.05,0.62,0.44,0.0,0.002,0.136,13.17,0.27,0.004,7.14,0.17,0.09,0.09,0.02,0
0.03,7.18,0.04,1.24,0.001,1.01,0.73,1.78,0.33,0.22,0.0,0.061,1.87,1.37,0.01,31.48,4.79,0.01,0.24,0.02,0
0.03,22.38,0.05,0.6,0.08,0.02,0.09,0.08,0.85,0.0,0.004,0.034,3.82,0.66,0.007,2.17,1.91,0.09,0.05,0.02,1
0.07,1.1,0.03,0.1,0.08,0.32,0.08,1.46,0.94,0.0,0.002,0.135,8.08,0.41,0.005,6.53,3.0,0.1,0.01,0.0,0
3.57,18.23,0.04,0.86,0.001,5.14,0.61,0.16,0.23,0.44,0.007,0.093,7.08,1.66,0.004,3.3,7.53,0.05,0.06,0.05,1
0.09,20.71,0.84,3.05,0.07,8.12,0.82,0.44,1.2,0.77,0.77,0.112,10.31,1.36,0.001,38.62,1.53,0.01,0.27,0.06,0
1.8,4.2,1.05,3.17,0.02,6.04,0.47,1.53,1.25,0.0,0.0,0.164,11.4,2.01,0.002,44.13,6.79,0.06,0.12,0.04,0
2.2,23.23,0.04,1.42,0.003,4.52,0.52,0.61,0.35,0.86,0.86,0.132,7.97,1.96,0.0,18.03,7.82,0.03,0.4,0.01,1
0.06,11.66,0.07,0.52,0.06,0.0,0.08,0.48,1.36,0.0,0.73,0.164,15.03,0.72,0.008,0.17,0.08,0.06,0.03,0.02,0
3.06,12.15,0.24,1.69,0.12,1.49,0.46,0.62,0.88,0.0,0.002,0.167,9.41,1.54,0.008,13.79,3.46,0.1,0.23,0.04,0
0.07,5.44,0.001,2.71,0.008,4.47,0.43,1.11,0.07,0.29,0.002,0.155,12.01,1.19,0.002,34.44,0.02,0.07,0.05,0.01,1
2.54,9.92,0.05,1.65,0.001,1.19,0.47,1.76,0.65,0.0,0.0,0.105,2.84,1.11,0.008,43.04,5.7,0.09,0.06,0.07,1
0.04,10.21,0.01,2.84,0.0,0.43,0.09,0.0,0.04,0.0,0.0,0.089,7.96,1.94,0.0,2.42,1.66,0.06,0.05,0.05,0
0.09,16.6,0.03,2.36,0.001,3.2,0.42,1.67,1.21,0.65,0.65,0.042,10.34,1.51,0.005,45.87,0.25,0.06,0.12,0.05,0
0.02,9.9,0.04,1.4,0.003,3.45,0.69,0.32,0.66,0.3,0.006,0.123,1.73,1.61,0.002,35.17,0.66,0.04,0.05,0.03,1
0.04,8.62,0.01,1.04,0.004,1.41,0.19,1.76,0.21,0.98,0.98,0.01,2.57,1.61,0.002,5.85,1.54,0.09,0.16,0.01,0
2.59,11.39,0.05,2.97,0.001,2.35,0.02,1.21,0.75,0.0,0.0,0.008,14.25,1.23,0.004,16.34,1.5,0.02,0.42,0.09,1
3.99,9.06,0.001,3.64,0.007,6.69,0.43,1.35,0.32,0.0,0.0,0.198,15.91,1.99,0.001,25.05,4.9,0.06,0.16,0.01,1
0.02,28.76,0.02,0.53,0.03,0.06,0.04,1.54,1.14,0.68,0.68,0.136,8.72,0.41,0.008,4.38,2.58,0.04,0.04,0.02,0
4.03,26.19,0.02,2.93,0.005,3.96,0.4,0.76,1.05,0.4,0.007,0.185,13.73,1.98,0.003,5.89,2.53,0.05,0.41,0.07,1
0.06,13.4,0.05,2.81,0.05,0.46,0.0,1.64,1.39,0.0,0.005,0.156,15.82,0.32,0.003,1.55,0.75,0.03,0.06,0.06,0
0.05,18.67,0.02,0.56,0.06,0.05,0.08,1.48,0.45,0.59,0.59,0.053,4.27,1.47,0.005,4.56,0.21,0.08,0.08,0.04,0
0.03,13.62,0.04,1.31,0.07,6.89,0.17,0.57,1.33,1.0,1.0,0.065,16.83,1.19,0.004,48.18,5.45,0.08,0.48,0.08,0
2.75,3.82,0.03,1.69,0.004,6.12,0.89,0.81,1.43,0.0,0.0,0.037,4.41,1.26,0.003,12.21,2.69,0.09,0.49,0.0,1
0.09,2.1,0.09,1.68,0.01,0.28,0.06,0.28,1.25,0.06,0.005,0.048,0.65,0.38,0.008,0.14,0.41,0.08,0.02,0.03,1
4.81,20.5,0.77,2.07,0.07,6.53,0.58,0.11,1.22,0.52,0.52,0.176,3.84,1.85,0.006,39.46,0.82,0.01,0.47,0.08,0
1.08,14.67,0.02,0.35,0.001,2.41,0.54,1.28,0.87,0.9,0.9,0.024,13.82,1.29,0.008,7.3,2.55,0.06,0.17,0.02,1
2.03,28.45,0.89,2.66,0.11,4.65,0.77,1.84,0.4,0.59,0.59,0.178,5.86,1.45,0.004,25.24,4.83,0.02,0.1,0.02,1
0.01,25.72,0.03,3.47,0.004,6.58,0.89,1.62,1.27,0.0,0.001,0.117,12.88,1.0,0.005,21.68,4.06,0.1,0.33,0.03,0
1.87,6.1,0.05,3.74,0.008,2.86,0.52,1.03,0.51,0.77,0.77,0.012,1.11,1.55,0.008,20.32,2.21,0.02,0.48,0.04,1
0.06,28.88,0.04,0.39,0.05,0.01,0.04,0.08,0.28,0.0,0.001,0.059,9.91,0.89,0.006,0.38,0.15,0.06,0.02,0.08,1
0.08,14.82,0.01,0.77,0.1,0.04,0.01,1.46,0.45,0.3,0.008,0.197,15.13,1.9,0.001,0.18,2.65,0.05,0.06,0.06,0
4.27,5.39,0.04,2.91,0.006,6.5,0.21,1.54,0.82,0.0,0.0,0.145,7.01,1.57,0.003,14.92,5.87,0.02,0.21,0.07,1
0.25,2.5,0.03,3.15,0.006,3.25,0.86,1.79,0.59,0.25,0.008,0.03,12.8,1.68,0.006,19.09,4.23,0.08,0.39,0.04,0
2.2,8.07,0.04,1.37,0.006,0.76,0.85,0.39,1.47,0.58,0.58,0.154,2.3,1.79,0.002,25.43,0.59,0.0,0.33,0.04,1
0.02,0.94,0.06,0.99,0.09,0.09,0.03,0.5,0.85,0.44,0.004,0.034,4.09,1.63,0.007,1.75,0.82,0.09,0.01,0.02,0
2.3,7.7,0.84,1.64,0.04,1.85,0.16,0.99,0.08,0.52,0.52,0.022,12.85,2.42,0.009,16.57,5.84,0.05,0.41,0.07,0
2.32,2.1,0.05,2.69,0.009,3.47,0.4,1.71,1.4,0.95,0.95,0.025,9.35,1.76,0.007,13.09,6.07,0.04,0.19,0.08,1
0.07,7.81,0.08,0.34,0.05,0.05,0.0,1.97,0.08,0.69,0.69,0.184,7.97,0.94,0.003,9.67,3.62,0.01,0.06,0.07,0
3.81,11.11,0.001,2.17,0.005,6.03,0.45,0.22,0.79,0.59,0.59,0.119,14.08,1.38,0.001,25.55,6.14,0.08,0.4,0.05,1
0.09,15.84,0.02,0.06,0.001,5.29,0.47,1.08,1.43,0.89,0.89,0.08,1.91,1.2,0.008,0.18,6.89,0.06,0.12,0.08,0
1.92,23.86,0.05,0.39,0.008,1.58,0.42,1.56,1.07,0.19,0.0,0.103,2.06,1.7,0.008,24.53,2.88,0.03,0.46,0.0,1
1.12,9.92,0.01,1.98,0.003,3.08,0.66,1.26,1.33,0.34,0.006,0.164,2.65,1.74,0.0,16.0,1.18,0.01,0.42,0.01,1
1.74,22.7,0.16,2.13,0.12,5.89,0.78,1.53,0.87,0.0,0.0,0.079,9.2,1.31,0.007,20.46,7.77,0.06,0.11,0.05,0
3.56,21.75,0.04,1.29,0.007,4.49,0.08,1.65,0.03,0.0,0.0,0.067,5.56,1.64,0.001,7.0,2.73,0.03,0.19,0.0,1
0.12,24.53,0.91,1.66,0.04,7.73,0.52,1.83,0.77,0.67,0.67,0.089,11.55,1.25,0.001,6.14,4.3,0.1,0.16,0.07,0
2.14,12.66,0.04,0.48,0.008,7.96,0.76,0.7,0.52,0.59,0.59,0.152,14.44,1.12,0.004,30.25,0.51,0.03,0.35,0.07,1
3.85,16.61,0.03,2.75,0.001,4.85,0.82,0.27,0.41,0.67,0.67,0.067,18.84,1.55,0.001,7.88,0.14,0.04,0.49,0.07,1
0.13,6.05,0.04,2.0,0.005,6.85,0.4,1.64,0.29,0.31,0.005,0.177,14.61,1.61,0.005,34.7,2.18,0.05,0.19,0.04,0
4.76,23.47,0.03,3.01,0.005,7.72,0.04,1.97,0.12,0.0,0.0,0.121,10.85,1.09,0.002,16.15,5.97,0.08,0.2,0.01,1
4.2,18.97,0.8,2.53,0.12,4.64,0.84,0.85,1.01,0.0,0.0,0.045,2.8,1.36,0.005,36.11,4.14,0.01,0.02,0.01,1
0.08,23.62,0.06,1.16,0.02,0.4,0.06,1.53,0.33,0.8,0.8,0.164,6.92,1.53,0.006,0.35,0.88,0.05,0.01,0.06,0
0.02,12.22,0.01,0.13,0.0,0.43,0.08,0.25,0.41,0.0,0.0,0.158,17.93,1.2,0.005,8.59,1.09,0.03,0.09,0.04,0
0.1,15.74,0.2,0.72,0.03,5.65,0.47,1.08,1.43,0.89,0.89,0.08,2.34,1.52,0.008,19.87,6.89,0.06,0.12,0.08,0
0.08,26.12,0.49,3.12,0.09,7.11,0.63,1.65,0.5,0.09,0.006,0.18,4.51,1.55,0.001,56.66,4.28,0.08,0.03,0.07,0
0.07,6.16,0.38,4.09,0.02,2.9,0.11,0.01,1.31,0.15,0.009,0.001,5.25,1.56,0.008,18.0,5.37,0.02,0.21,0.0,0
0.04,6.17,0.09,0.06,0.04,0.34,0.06,0.5,1.34,0.0,0.003,0.095,2.44,0.45,0.001,3.82,4.64,0.01,0.04,0.07,1
0.01,17.88,0.02,1.99,0.008,2.88,0.82,1.54,0.05,0.45,0.009,0.111,15.01,1.07,0.006,49.56,4.35,0.05,0.38,0.03,0
0.04,7.9,0.06,0.97,0.07,0.56,0.07,0.65,0.9,0.58,0.58,0.093,10.16,1.21,0.003,1.2,0.75,0.05,0.08,0.05,0
0.18,10.29,0.02,0.92,0.005,4.05,0.87,0.19,1.18,0.71,0.71,0.162,6.82,1.35,0.001,24.25,0.62,0.07,0.06,0.03,1
0.08,0.74,0.09,0.45,0.1,0.0,0.07,0.62,0.88,0.25,0.002,0.167,9.3,1.81,0.008,0.3,2.98,0.1,0.1,0.04,0
0.34,13.64,0.16,0.61,0.02,3.17,0.11,1.14,0.36,0.0,0.0,0.071,19.29,2.01,0.004,17.27,2.18,0.04,0.01,0.02,1
0.24,21.63,0.02,1.87,0.003,0.45,0.57,0.75,1.25,0.28,0.002,0.083,15.32,1.01,0.005,13.3,4.32,0.05,0.29,0.04,1
2.94,11.86,0.03,2.65,0.001,2.21,0.57,1.81,0.38,0.09,0.006,0.083,7.66,1.56,0.007,27.88,6.11,0.05,0.24,0.0,1
2.17,23.48,0.56,1.48,0.04,4.44,0.82,1.57,0.43,0.0,0.0,0.089,15.44,1.98,0.005,29.61,5.11,0.03,0.2,0.03,0
2.21,29.72,0.02,1.4,0.008,3.71,0.47,1.16,1.06,0.82,0.82,0.12,6.63,1.57,0.001,4.28,7.9,0.04,0.5,0.04,1
0.04,17.44,0.02,0.04,0.03,0.08,0.04,0.09,0.72,0.0,0.007,0.02,0.29,0.29,0.01,6.92,0.48,0.06,0.07,0.02,1
0.01,8.17,0.001,3.76,0.004,3.4,0.29,1.28,0.32,0.53,0.53,0.175,0.8,1.09,0.007,8.33,6.53,0.01,0.32,0.02,0
1.32,3.91,0.01,3.06,0.009,5.06,0.84,1.15,1.03,0.0,0.0,0.145,5.04,1.14,0.002,46.47,0.53,0.05,0.13,0.03,1
0.09,10.79,0.07,0.77,0.09,0.18,0.03,1.89,1.38,0.89,0.89,0.033,14.52,0.22,0.009,0.38,2.05,0.0,0.04,0.02,0
0.05,12.39,0.06,0.41,0.06,0.54,0.07,0.23,0.21,0.54,0.54,0.097,17.64,1.56,0.009,3.0,0.5,0.05,0.01,0.05,0
4.2,6.7,0.03,2.83,0.004,2.32,0.25,1.52,0.53,0.0,0.0,0.188,5.05,1.58,0.009,16.41,7.9,0.07,0.13,0.08,1
0.02,21.87,0.56,4.43,0.04,6.26,0.23,0.02,1.38,0.13,0.008,0.001,6.04,1.61,0.003,28.51,2.08,0.04,0.08,0.0,1
0.06,18.94,0.04,0.23,0.0,0.08,0.09,0.04,0.69,0.0,0.77,0.052,9.46,0.58,0.002,2.55,3.22,0.01,0.05,0.04,0
0.01,8.13,0.01,0.23,0.09,0.05,0.06,0.09,0.48,0.0,0.003,0.124,1.67,0.72,0.003,3.4,0.36,0.06,0.07,0.03,1
0.06,21.58,0.04,0.02,0.08,0.15,0.09,0.04,0.66,0.09,0.008,0.17,16.17,0.95,0.006,2.8,0.79,0.02,0.06,0.02,0
2.17,22.04,0.05,3.98,0.003,4.27,0.38,0.16,0.12,0.0,0.0,0.026,4.85,1.85,0.007,16.62,7.46,0.07,0.3,0.0,1
1.91,21.91,0.04,2.24,0.008,3.93,0.69,1.08,1.18,0.55,0.55,0.105,3.18,1.06,0.006,49.97,4.88,0.08,0.29,0.06,0
0.5,9.32,0.03,2.99,0.004,3.57,0.85,1.01,0.68,0.11,0.006,0.127,15.08,1.36,0.006,21.89,2.24,0.0,0.12,0.01,1
0.03,22.52,0.03,0.45,0.05,0.18,0.06,0.06,1.46,0.0,0.84,0.136,16.56,0.19,0.007,8.75,2.03,0.06,0.03,0.08,0
5.03,26.11,0.06,1.09,0.04,6.07,0.73,0.87,0.29,0.0,0.58,0.195,8.77,2.11,0.007,1.42,7.52,0.06,0.26,0.02,0
3.93,27.3,0.04,0.64,0.001,7.93,0.83,1.63,0.67,0.4,0.008,0.143,6.14,1.29,0.008,1.05,4.45,0.02,0.17,0.03,1
3.95,3.2,0.04,0.73,0.007,7.17,0.01,0.7,1.43,0.35,0.004,0.188,9.23,1.84,0.002,2.43,5.26,0.06,0.47,0.03,1
0.06,24.81,0.1,0.14,0.09,0.07,0.05,0.4,0.59,0.61,0.61,0.04,18.49,1.38,0.01,1.4,0.64,0.03,0.03,0.02,0
0.1,10.19,0.24,1.56,0.13,4.09,0.87,0.19,1.18,0.71,0.71,0.162,7.4,2.24,0.001,18.12,0.62,0.07,0.06,0.03,1
3.06,1.84,0.35,1.16,0.06,4.83,0.04,0.65,0.2,0.0,0.005,0.013,17.09,1.92,0.003,24.79,3.1,0.01,0.01,0.01,1
4.81,26.64,0.02,2.29,0.005,0.7,0.17,1.57,0.11,0.0,0.0,0.018,7.49,1.95,0.001,2.72,0.35,0.08,0.22,0.05,1
0.06,5.43,0.02,0.24,0.03,0.43,0.02,0.65,1.5,0.79,0.79,0.118,11.34,1.97,0.002,7.42,1.82,0.01,0.07,0.06,0
4.93,6.05,0.04,2.0,0.005,6.85,0.4,1.64,0.29,0.31,0.005,0.177,14.61,1.61,0.005,34.7,2.18,0.05,0.19,0.04,1
0.05,2.13,0.1,1.89,0.02,0.02,0.09,0.1,0.83,0.0,0.77,0.09,11.38,0.05,0.004,6.68,1.41,0.09,0.07,0.08,0
2.72,26.81,0.01,0.28,0.005,5.37,0.8,1.62,0.96,0.0,0.0,0.138,5.66,1.93,0.0,22.32,0.2,0.01,0.01,0.06,1
0.08,13.33,0.02,1.76,0.01,0.29,0.03,1.67,0.62,0.02,0.004,0.09,13.71,0.18,0.008,0.91,1.34,0.07,0.0,0.06,0
0.24,14.45,0.01,1.09,0.001,2.59,0.73,1.45,0.65,0.57,0.57,0.19,7.01,1.81,0.009,39.12,0.43,0.03,0.39,0.09,1
2.61,20.18,0.03,3.5,0.005,2.0,0.13,1.43,1.34,0.76,0.76,0.069,6.71,1.19,0.002,38.64,2.6,0.0,0.37,0.03,0
1.08,17.63,0.03,0.67,0.008,6.26,0.56,1.74,0.66,0.07,0.008,0.091,0.42,1.85,0.008,29.3,2.59,0.02,0.18,0.05,1
0.61,2.41,0.03,0.59,0.002,1.94,0.77,1.54,0.62,0.23,0.001,0.017,1.99,1.08,0.007,11.16,0.98,0.01,0.47,0.03,1
0.63,24.98,0.02,3.51,0.003,5.61,0.58,0.77,0.79,0.37,0.001,0.147,0.83,1.92,0.006,28.58,0.09,0.02,0.37,0.06,1
0.0,23.32,0.06,0.89,0.08,0.01,0.04,0.57,0.61,0.13,0.001,0.117,6.89,1.3,0.003,5.81,0.38,0.02,0.09,0.02,0
3.59,23.0,0.01,1.18,0.007,6.15,0.22,1.82,0.02,0.0,0.0,0.017,13.82,1.73,0.001,21.54,0.74,0.0,0.35,0.06,1
0.03,2.31,0.08,0.17,0.04,0.09,0.02,0.77,1.23,0.0,0.0,0.112,11.75,1.47,0.008,0.44,0.83,0.02,0.01,0.04,0
0.33,27.45,0.89,4.16,0.12,1.21,0.13,0.08,0.85,0.1,0.001,0.001,16.01,1.51,0.01,15.64,0.8,0.07,0.07,0.0,1
1.09,28.84,0.01,2.16,0.001,1.26,0.85,1.59,1.04,0.08,0.007,0.141,6.48,1.43,0.006,44.66,2.67,0.05,0.35,0.08,0
2.01,3.43,0.04,1.78,0.005,4.56,0.52,1.83,1.3,0.12,0.003,0.129,7.29,1.14,0.007,10.95,5.13,0.07,0.44,0.08,1
0.04,3.44,0.09,0.58,0.01,0.39,0.04,0.04,1.31,0.13,0.0,0.068,13.98,1.53,0.0,6.93,7.18,0.08,0.07,0.03,0
2.61,1.26,0.53,4.05,0.06,3.69,0.03,1.39,1.12,0.0,0.0,0.108,10.02,1.61,0.009,49.87,4.39,0.02,0.11,0.07,0
0.01,14.68,0.07,0.29,0.06,0.14,0.02,1.47,0.15,0.37,0.002,0.085,18.95,1.92,0.001,1.02,0.16,0.05,0.08,0.07,0
0.02,20.33,0.05,0.2,0.02,0.05,0.03,1.97,0.85,0.0,0.56,0.096,18.77,0.52,0.003,2.09,0.39,0.02,0.05,0.03,0
0.08,0.91,0.04,2.94,0.01,1.83,0.7,0.05,0.48,0.29,0.002,0.174,15.83,1.72,0.01,2.67,0.53,0.05,0.21,0.07,0
0.06,19.84,0.04,1.33,0.01,0.21,0.02,0.1,0.34,0.0,0.003,0.146,7.96,0.44,0.006,0.44,0.23,0.09,0.01,0.05,1
0.08,22.42,0.02,2.12,0.01,0.04,0.04,0.1,1.33,0.05,0.001,0.166,11.59,0.03,0.006,3.62,0.06,0.07,0.06,0.08,0
0.08,1.68,0.03,0.77,0.06,0.15,0.01,0.04,0.05,0.0,0.0,0.169,18.1,1.82,0.01,3.8,4.27,0.09,0.06,0.03,0
1.56,6.47,0.02,0.78,0.008,3.41,0.21,0.5,1.34,0.22,0.003,0.095,1.9,1.35,0.001,4.72,6.6,0.01,0.42,0.07,1
0.68,28.29,0.03,3.45,0.005,3.83,0.04,1.04,1.36,0.0,0.0,0.161,12.25,1.27,0.008,13.93,6.59,0.06,0.11,0.04,1
3.14,7.74,0.02,0.47,0.008,4.54,0.1,1.47,0.37,0.74,0.74,0.13,16.78,1.9,0.006,1.95,0.91,0.06,0.18,0.03,1
4.55,14.34,0.34,1.73,0.09,3.87,0.59,1.45,0.28,0.0,0.0,0.197,8.83,1.59,0.006,53.73,4.47,0.06,0.02,0.08,0
0.05,18.62,0.01,0.68,0.09,0.03,0.08,0.04,0.4,0.0,0.74,0.012,13.04,0.52,0.0,0.55,0.13,0.06,0.02,0.0,0
0.06,0.97,0.05,3.01,0.01,0.09,0.04,1.05,0.31,0.0,0.0,0.17,7.5,1.93,0.001,0.21,2.25,0.04,0.09,0.06,0
0.02,10.99,0.0,0.68,0.06,0.01,0.04,0.41,0.72,0.25,0.007,0.02,0.88,1.48,0.01,3.23,0.15,0.06,0.07,0.02,0
1.24,25.85,0.84,1.19,0.05,0.18,0.18,1.44,0.3,0.0,0.0,0.162,2.34,1.48,0.008,6.36,5.41,0.01,0.32,0.0,0
0.92,21.9,0.03,0.6,0.001,7.24,0.14,1.2,1.31,0.91,0.91,0.027,18.96,1.47,0.002,7.24,6.44,0.04,0.01,0.08,1
2.68,9.61,0.02,1.32,0.007,2.89,0.69,0.16,0.87,0.67,0.67,0.18,11.22,1.65,0.003,28.47,7.28,0.07,0.12,0.01,1
0.09,12.25,0.02,1.63,0.008,1.41,0.46,0.62,0.88,0.25,0.002,0.167,9.14,1.5,0.008,36.36,3.46,0.1,0.23,0.04,0
3.99,25.39,0.01,3.1,0.003,1.57,0.35,0.02,0.31,0.47,0.004,0.17,18.09,1.62,0.003,13.32,6.09,0.06,0.33,0.07,1
0.43,13.55,0.03,3.28,0.001,2.38,0.17,0.25,1.25,0.7,0.7,0.129,15.72,1.81,0.003,10.88,5.41,0.03,0.11,0.07,1
4.35,0.13,0.02,1.92,0.007,3.21,0.02,0.33,0.74,0.0,0.0,0.008,1.59,1.98,0.001,22.42,4.13,0.0,0.06,0.04,1
0.01,7.51,0.07,0.37,0.02,0.14,0.07,0.67,0.63,0.48,0.003,0.007,9.35,1.32,0.002,2.51,0.54,0.09,0.03,0.07,0
0.05,22.27,0.07,0.58,0.09,0.02,0.03,0.03,0.47,0.0,0.67,0.042,0.61,0.99,0.008,9.8,0.54,0.1,0.05,0.08,0
0.06,23.8,0.09,0.99,0.04,0.02,0.07,0.04,0.61,0.0,0.001,0.117,6.74,0.67,0.003,0.38,1.23,0.02,0.04,0.02,1
0.28,21.48,0.24,3.86,0.11,3.04,0.25,0.03,1.43,0.51,0.51,0.001,5.95,1.56,0.005,59.22,4.76,0.05,0.4,0.03,0
0.36,0.55,0.61,0.78,0.06,2.02,0.56,1.59,0.13,0.17,0.0,0.076,10.67,1.86,0.01,27.62,1.45,0.05,0.12,0.02,0
0.08,17.55,0.14,3.75,0.04,3.16,0.09,0.02,1.25,0.11,0.003,0.014,17.28,2.21,0.01,27.73,0.19,0.07,0.29,0.02,0
1.62,6.54,0.01,1.46,0.001,3.07,0.11,0.05,1.21,0.33,0.001,0.015,1.72,1.02,0.001,3.47,6.28,0.09,0.47,0.01,1
0.06,27.63,0.03,0.48,0.01,0.2,0.05,0.08,0.43,0.0,0.007,0.033,5.85,0.55,0.001,6.18,1.7,0.01,0.0,0.05,1
0.69,0.47,0.01,1.13,0.007,7.78,0.85,0.08,0.38,0.0,0.0,0.16,14.77,1.83,0.007,16.17,5.54,0.07,0.4,0.04,1
1.21,29.27,0.76,1.75,0.06,2.73,0.44,0.9,0.28,0.19,0.001,0.059,10.58,1.97,0.006,46.96,2.08,0.06,0.5,0.08,0
0.08,29.12,0.02,0.84,0.0,0.1,0.06,1.98,0.63,0.99,0.99,0.005,14.86,1.51,0.01,3.46,3.57,0.0,0.09,0.06,0
4.75,15.62,0.02,3.18,0.002,1.28,0.52,1.64,0.86,0.64,0.64,0.032,10.07,1.74,0.006,54.15,6.46,0.03,0.35,0.06,0
2.78,3.14,0.02,0.22,0.009,6.16,0.47,1.75,1.28,0.23,0.008,0.177,16.44,1.24,0.003,40.47,4.91,0.01,0.17,0.08,1
0.1,23.63,0.1,0.79,0.08,0.03,0.06,0.02,1.38,0.0,0.68,0.198,16.39,0.46,0.008,7.19,1.22,0.06,0.04,0.07,0
0.07,0.3,0.06,0.6,0.0,0.09,0.06,1.0,1.38,0.68,0.68,0.198,16.85,2.0,0.008,4.55,0.93,0.06,0.0,0.07,0
4.35,0.53,0.03,3.51,0.001,0.32,0.84,0.45,1.31,0.42,0.005,0.103,1.52,1.65,0.001,30.79,7.18,0.03,0.24,0.08,1
4.08,5.24,0.03,2.51,0.005,5.67,0.84,1.77,0.94,0.22,0.006,0.126,0.4,1.71,0.005,2.88,4.51,0.07,0.02,0.05,1
0.78,6.58,0.01,3.38,0.006,1.8,0.53,1.05,1.26,0.03,0.003,0.079,8.69,1.8,0.004,42.43,1.67,0.01,0.12,0.09,1
3.29,14.1,0.01,2.39,0.006,4.36,0.36,1.6,0.15,0.91,0.91,0.01,14.1,1.53,0.006,30.49,2.96,0.04,0.33,0.0,1
0.09,21.04,0.05,0.27,0.06,0.23,0.07,0.01,1.38,0.13,0.008,0.121,5.4,1.57,0.003,1.26,1.86,0.04,0.03,0.0,0
3.79,17.82,0.01,2.9,0.001,6.81,0.03,0.11,0.21,0.61,0.61,0.059,2.41,1.91,0.01,37.64,6.56,0.1,0.06,0.05,0
4.44,28.93,0.03,2.84,0.003,5.6,0.37,1.38,0.63,0.97,0.97,0.017,3.83,1.39,0.004,3.3,0.0,0.04,0.35,0.06,1
3.92,15.62,0.85,3.86,0.03,3.21,0.07,0.67,0.08,0.61,0.61,0.123,4.12,1.81,0.0,46.3,0.32,0.03,0.06,0.01,1
0.85,10.38,0.05,0.17,0.006,7.52,0.89,0.52,0.32,0.31,0.002,0.11,3.55,1.79,0.0,6.24,4.15,0.01,0.1,0.02,1
2.75,14.03,0.98,3.95,0.13,1.43,0.48,0.18,0.74,0.0,0.005,0.112,18.39,2.0,0.008,39.43,4.51,0.06,0.05,0.02,1
0.03,25.43,0.79,3.64,0.11,7.98,0.51,0.09,0.62,0.35,0.004,0.198,8.71,1.67,0.001,26.8,4.0,0.06,0.11,0.0,0
0.04,8.53,0.25,1.85,0.04,6.52,0.49,0.65,0.9,0.58,0.58,0.093,10.4,1.47,0.003,38.73,5.8,0.05,0.24,0.05,0
0.02,27.46,0.03,0.89,0.01,0.37,0.09,0.01,0.78,0.54,0.54,0.035,8.83,1.1,0.001,6.7,0.06,0.07,0.04,0.05,0
0.08,16.61,0.08,1.59,0.0,0.32,0.08,0.03,0.4,0.0,0.003,0.144,7.36,0.94,0.01,8.47,0.55,0.09,0.01,0.04,1
4.7,14.03,0.03,2.07,0.005,6.93,0.41,0.05,0.1,0.42,0.0,0.165,10.82,1.59,0.006,23.22,3.48,0.07,0.23,0.09,1
3.4,14.2,0.42,1.98,0.07,8.42,0.28,1.86,0.45,0.0,0.0,0.185,1.38,1.74,0.003,46.43,7.29,0.07,0.02,0.01,0
0.0,26.51,0.0,3.34,0.03,0.46,0.02,1.97,1.48,0.34,0.009,0.031,9.99,0.82,0.001,0.89,0.5,0.09,0.09,0.08,0
0.02,21.05,0.37,3.74,0.04,2.22,0.1,1.48,0.95,0.91,0.91,0.073,17.74,2.19,0.006,53.96,3.69,0.04,0.37,0.0,0
2.69,6.42,0.92,4.4,0.06,7.02,0.72,0.04,1.37,0.84,0.84,0.032,4.97,1.94,0.007,22.91,1.16,0.07,0.01,0.0,1
3.01,1.94,0.04,0.31,0.004,4.78,0.04,0.65,0.2,0.45,0.005,0.013,16.7,1.55,0.003,43.22,3.1,0.01,0.01,0.01,1
0.09,25.82,0.04,1.3,0.06,0.06,0.01,1.96,1.32,0.85,0.85,0.192,13.28,1.37,0.002,1.5,0.87,0.09,0.03,0.09,0
0.05,24.3,0.08,0.01,0.02,0.09,0.07,0.08,0.98,0.0,0.002,0.167,14.66,0.03,0.004,3.11,0.56,0.08,0.03,0.08,0
0.05,23.99,0.01,0.57,0.008,2.69,0.24,1.14,1.16,0.0,0.0,0.114,0.74,1.43,0.005,13.74,4.16,0.05,0.49,0.06,1
3.45,24.62,0.01,1.51,0.004,1.89,0.79,1.92,1.42,0.0,0.0,0.194,0.62,1.34,0.004,28.21,2.94,0.01,0.14,0.09,1
3.59,9.62,0.04,3.52,0.004,4.7,0.62,1.03,0.27,0.19,0.003,0.163,6.0,1.62,0.003,24.82,5.24,0.02,0.25,0.01,1
1.79,15.41,0.03,0.34,0.001,7.99,0.14,0.8,0.25,0.64,0.64,0.096,13.07,1.38,0.009,28.26,7.43,0.06,0.08,0.04,1
0.09,11.42,0.87,0.92,0.11,3.55,0.86,0.06,1.38,0.89,0.89,0.001,14.37,1.85,0.009,3.41,5.03,0.0,0.49,0.02,0
1.44,3.07,0.03,2.83,0.008,3.49,0.13,1.22,0.46,0.37,0.004,0.105,8.84,1.11,0.005,48.1,5.64,0.09,0.15,0.08,1
0.0,10.25,0.03,1.5,0.005,3.11,0.52,1.89,1.18,0.75,0.75,0.092,7.08,1.66,0.002,45.37,3.4,0.07,0.29,0.07,0
0.19,-0.03,0.09,3.94,0.05,6.26,0.37,0.02,0.61,0.73,0.73,0.001,12.94,2.09,0.008,6.88,3.83,0.06,0.33,0.07,0
3.69,17.55,0.03,1.81,0.004,4.26,0.62,0.59,0.05,0.2,0.001,0.168,7.08,1.11,0.008,30.09,4.77,0.04,0.43,0.08,1
0.01,7.45,0.93,2.22,0.07,1.75,0.35,0.04,1.3,0.03,0.007,0.11,1.2,1.27,0.008,0.7,3.11,0.07,0.13,0.04,0
0.21,8.11,0.04,3.49,0.005,3.17,0.49,1.49,0.58,0.8,0.8,0.121,1.88,1.81,0.001,16.74,7.01,0.08,0.11,0.07,1
0.57,0.3,0.29,2.16,0.06,7.36,0.11,0.53,1.05,0.38,0.003,0.076,12.06,1.36,0.01,26.29,5.65,0.07,0.38,0.05,0
0.07,9.24,0.09,0.83,0.05,0.2,0.08,0.32,0.66,0.0,0.006,0.123,2.18,0.37,0.002,3.63,0.41,0.04,0.05,0.03,1
2.08,25.21,0.01,2.13,0.003,1.22,0.52,0.4,0.59,0.61,0.61,0.04,18.49,1.38,0.01,18.52,0.05,0.03,0.05,0.02,1
2.1,3.73,0.05,3.38,0.005,4.01,0.78,1.18,1.41,0.0,0.0,0.128,8.99,1.43,0.01,38.03,2.77,0.02,0.05,0.06,1
0.09,16.91,0.05,0.01,0.02,0.21,0.1,1.24,0.79,0.0,0.0,0.113,17.83,1.14,0.009,4.52,3.07,0.0,0.08,0.08,0
0.37,0.37,0.03,2.75,0.003,2.56,0.49,0.24,1.19,0.27,0.003,0.13,4.22,1.9,0.009,2.55,3.95,0.07,0.49,0.06,0
0.96,5.11,0.001,1.17,0.006,0.2,0.18,0.18,0.37,0.03,0.008,0.081,10.84,1.82,0.007,0.9,2.77,0.03,0.43,0.03,1
0.09,25.78,0.02,0.5,0.0,0.25,0.08,1.26,0.34,0.94,0.94,0.093,8.5,0.85,0.007,5.06,4.99,0.05,0.03,0.04,0
0.03,17.92,0.09,3.1,0.1,2.04,0.59,0.08,0.12,0.66,0.66,0.001,9.18,1.71,0.01,30.34,0.4,0.0,0.08,0.03,1
4.79,5.36,0.03,3.48,0.003,4.38,0.28,1.96,0.5,0.5,0.5,0.196,6.11,1.23,0.004,35.86,7.77,0.07,0.12,0.06,1
0.05,0.13,0.03,0.16,0.03,0.0,0.02,0.04,1.19,0.0,0.003,0.13,4.22,0.96,0.009,0.37,0.21,0.07,0.06,0.06,1
0.07,9.24,0.57,3.93,0.11,1.18,0.56,0.03,0.99,0.43,0.006,0.001,9.25,1.86,0.006,13.35,4.28,0.02,0.05,0.02,1
0.27,10.67,0.02,0.55,0.001,3.74,0.12,1.77,0.43,0.8,0.8,0.114,12.69,1.18,0.008,34.64,0.9,0.02,0.16,0.06,1
0.09,21.26,0.03,1.04,0.09,0.01,0.03,0.55,0.19,0.0,0.72,0.089,0.84,0.69,0.004,6.75,3.56,0.01,0.04,0.03,0
2.71,26.19,0.04,3.02,0.006,4.0,0.17,1.56,0.91,0.38,0.005,0.013,11.0,1.0,0.006,14.16,6.16,0.05,0.05,0.08,1
0.04,10.38,0.1,1.87,0.02,0.11,0.07,0.3,0.52,0.0,0.002,0.131,8.75,0.68,0.005,1.83,1.04,0.06,0.03,0.05,1
0.45,12.21,0.04,2.89,0.006,5.23,0.84,0.99,0.62,0.0,0.0,0.076,15.59,1.77,0.004,9.06,1.06,0.06,0.4,0.02,1
0.32,28.36,0.04,3.46,0.008,0.34,0.76,0.4,0.34,0.0,0.0,0.013,1.48,1.15,0.003,20.36,4.91,0.01,0.36,0.02,1
0.02,8.71,0.05,2.46,0.002,7.33,0.43,0.7,0.8,0.97,0.97,0.1,18.78,1.99,0.001,27.53,5.96,0.05,0.08,0.0,0
0.1,23.77,0.02,1.53,0.005,4.18,0.53,1.99,0.81,0.19,0.001,0.098,3.77,1.65,0.003,2.08,4.51,0.1,0.07,0.02,0
4.51,11.64,0.03,3.67,0.002,3.02,0.02,1.35,1.33,0.0,0.0,0.151,9.42,1.95,0.009,10.49,7.23,0.08,0.07,0.01,1
0.07,15.39,0.05,1.03,0.09,0.44,0.06,0.08,0.51,0.0,0.0,0.141,13.02,1.89,0.006,1.58,7.64,0.05,0.01,0.03,0
0.05,5.83,0.07,0.99,0.01,0.02,0.06,0.36,0.55,0.03,0.005,0.19,0.27,2.03,0.007,0.05,0.67,0.06,0.06,0.04,0
0.1,16.98,0.03,1.88,0.006,5.33,0.16,0.88,0.12,0.87,0.87,0.143,13.48,1.73,0.009,56.14,2.74,0.07,0.24,0.02,0
1.97,14.84,0.53,1.87,0.1,1.31,0.02,0.39,0.33,0.0,0.83,0.079,15.44,1.67,0.004,56.51,4.18,0.08,0.18,0.08,0
0.08,19.59,0.02,0.1,0.01,0.52,0.02,1.69,0.94,0.51,0.51,0.198,10.67,1.62,0.008,7.5,6.43,0.08,0.05,0.03,0
4.35,26.85,0.02,0.88,0.004,0.64,0.61,0.91,0.42,0.44,0.006,0.107,13.24,1.19,0.009,0.73,0.5,0.04,0.35,0.0,1
0.06,25.9,0.35,0.96,0.05,3.3,0.55,0.03,0.49,0.22,0.006,0.151,14.69,1.41,0.003,34.04,2.16,0.06,0.46,0.05,0
2.92,12.37,0.03,2.52,0.001,4.91,0.66,1.5,0.68,0.8,0.8,0.193,10.2,1.72,0.006,11.36,7.67,0.1,0.39,0.04,1
0.08,6.58,0.01,3.38,0.006,1.8,0.53,1.05,1.26,0.03,0.003,0.079,8.69,1.8,0.004,42.43,1.67,0.01,0.12,0.09,0
0.04,20.87,0.04,1.0,0.07,0.14,0.04,0.82,0.1,0.0,0.0,0.044,14.24,1.9,0.005,0.49,2.37,0.04,0.09,0.03,0
2.17,8.76,0.01,1.93,0.002,4.42,0.76,1.96,0.82,0.11,0.005,0.037,13.27,1.78,0.0,10.72,0.77,0.0,0.33,0.01,1
0.95,5.76,0.01,3.94,0.003,1.7,0.47,1.15,0.25,0.04,0.003,0.135,2.4,1.75,0.01,46.85,0.94,0.09,0.45,0.02,1
0.39,12.69,0.05,3.75,0.006,7.44,0.65,1.78,0.01,0.75,0.75,0.153,4.86,1.99,0.004,25.23,2.86,0.01,0.23,0.07,1
0.01,24.76,0.07,0.88,0.02,0.12,0.06,0.87,0.16,0.0,0.003,0.043,6.92,0.61,0.008,1.53,0.49,0.02,0.09,0.05,1
0.07,3.66,0.04,0.75,0.02,0.09,0.08,0.01,0.83,0.0,0.68,0.153,4.98,0.33,0.009,1.64,2.65,0.05,0.03,0.05,0
0.02,10.57,0.1,0.82,0.03,0.05,0.03,0.55,0.19,0.72,0.72,0.089,0.24,1.6,0.004,1.55,1.4,0.01,0.03,0.03,0
0.02,12.91,0.01,0.37,0.06,0.06,0.08,0.69,0.45,0.03,0.005,0.049,8.32,1.96,0.0,5.0,0.66,0.09,0.08,0.04,0
0.04,0.29,0.08,1.12,0.04,0.06,0.08,0.31,1.29,0.56,0.56,0.026,17.85,1.77,0.002,9.31,0.43,0.02,0.1,0.08,0
4.95,10.96,0.4,4.29,0.04,0.4,0.2,0.41,0.24,0.61,0.61,0.127,16.33,2.22,0.006,8.79,3.55,0.07,0.04,0.03,1
3.36,2.5,0.03,3.15,0.006,3.25,0.86,1.79,0.59,0.25,0.008,0.03,12.8,1.68,0.006,19.09,4.23,0.08,0.39,0.04,1
4.26,28.71,0.02,1.12,0.002,3.48,0.78,1.59,1.01,0.3,0.008,0.052,0.29,1.75,0.004,27.89,4.96,0.08,0.27,0.08,1
2.6,23.82,0.26,0.95,0.06,7.93,0.07,0.64,0.43,0.46,0.002,0.059,17.17,2.1,0.006,22.05,0.97,0.03,0.23,0.06,0
0.1,0.3,0.01,0.2,0.06,0.17,0.02,0.01,0.74,0.0,0.0,0.008,2.55,2.16,0.001,2.12,4.13,0.0,0.0,0.04,0
0.01,23.88,0.04,0.67,0.06,0.4,0.04,0.08,1.29,0.43,0.0,0.108,9.61,2.03,0.004,3.56,2.12,0.07,0.09,0.01,0
0.02,25.34,0.08,0.38,0.05,0.0,0.04,0.46,1.41,0.08,0.006,0.049,9.64,1.43,0.006,4.06,0.74,0.03,0.06,0.0,0
0.87,27.35,0.03,0.96,0.005,7.79,0.65,1.23,0.84,0.33,0.005,0.063,10.96,1.39,0.001,3.43,2.39,0.05,0.26,0.05,1
4.71,26.4,0.05,3.28,0.007,1.54,0.82,1.42,1.29,0.28,0.002,0.01,2.0,1.44,0.004,6.92,2.54,0.08,0.44,0.07,1
4.58,0.17,0.45,1.68,0.12,6.58,0.11,1.41,1.08,0.0,0.002,0.15,0.69,1.93,0.003,7.34,6.69,0.04,0.06,0.04,0
0.03,5.47,0.09,2.71,0.09,0.39,0.01,0.02,0.22,0.0,0.008,0.163,11.01,0.95,0.007,0.55,1.69,0.04,0.05,0.06,0
0.5,12.11,0.15,3.06,0.12,5.28,0.84,0.99,0.62,0.72,0.72,0.076,15.81,2.17,0.004,26.52,1.06,0.06,0.4,0.02,0
3.77,2.38,0.28,1.71,0.01,2.13,0.71,0.81,0.54,0.11,0.005,0.019,16.18,1.85,0.007,48.82,0.6,0.09,0.13,0.03,0
0.41,23.98,0.04,1.57,0.005,5.73,0.07,1.89,0.9,0.98,0.98,0.002,7.37,1.2,0.001,16.24,4.48,0.03,0.36,0.04,1
4.64,19.96,0.03,3.02,0.008,4.4,0.89,0.38,0.02,0.76,0.76,0.121,7.47,1.37,0.008,29.55,3.29,0.07,0.26,0.09,1
1.5,9.91,0.04,2.68,0.004,3.37,0.09,1.52,1.02,0.0,0.0,0.071,17.71,1.71,0.003,23.89,1.4,0.04,0.41,0.02,1
0.09,12.26,0.04,3.61,0.001,3.58,0.47,0.13,1.29,0.82,0.82,0.072,12.75,1.37,0.006,32.48,1.45,0.02,0.31,0.04,1
4.29,21.68,0.01,0.42,0.002,0.17,0.5,0.44,0.67,0.59,0.59,0.042,15.34,1.68,0.006,1.22,3.61,0.05,0.05,0.02,1
0.1,26.17,0.05,2.48,0.04,0.06,0.03,0.05,0.19,0.0,0.9,0.045,4.35,0.42,0.007,2.1,3.51,0.02,0.1,0.06,0
0.07,10.38,0.16,4.68,0.04,5.8,0.69,0.05,0.21,0.35,0.003,0.016,5.82,1.58,0.001,1.99,7.51,0.04,0.4,0.01,0
0.08,23.42,0.03,0.97,0.05,0.06,0.08,0.57,0.61,0.0,0.001,0.117,7.63,0.85,0.003,3.51,1.87,0.02,0.04,0.02,1
2.83,3.04,0.75,0.23,0.11,6.31,0.47,1.75,1.28,0.0,0.0,0.177,17.38,1.26,0.003,23.45,4.91,0.01,0.17,0.08,0
0.05,9.34,0.03,3.41,0.002,0.96,0.56,1.03,0.99,0.43,0.006,0.132,8.47,1.56,0.006,44.62,4.28,0.02,0.05,0.02,1
3.31,19.49,0.04,1.36,0.002,1.57,0.45,0.5,0.74,0.5,0.5,0.074,18.64,1.41,0.008,8.41,3.22,0.05,0.32,0.04,1
0.01,7.28,0.02,1.14,0.005,4.55,0.24,0.28,0.82,0.54,0.54,0.197,1.4,1.95,0.007,41.66,3.64,0.05,0.37,0.05,0
0.08,14.96,0.01,0.17,0.002,6.21,0.0,0.81,0.24,0.15,0.005,0.005,16.78,1.58,0.002,18.68,1.67,0.04,0.0,0.03,1
4.56,26.79,0.03,3.44,0.008,1.33,0.12,1.52,1.04,0.0,0.0,0.149,14.68,1.6,0.007,31.89,1.2,0.02,0.4,0.07,0
0.24,17.6,0.25,3.9,0.04,1.62,0.29,0.01,1.48,0.67,0.67,0.001,18.01,2.13,0.002,14.94,3.93,0.07,0.31,0.08,0
0.03,13.58,0.02,1.22,0.08,0.04,0.05,0.09,1.41,0.0,0.004,0.05,7.85,0.27,0.003,0.22,0.19,0.03,0.09,0.04,1
0.08,18.57,0.12,2.41,0.12,2.98,0.15,0.09,0.96,0.31,0.009,0.001,8.49,1.69,0.006,33.83,6.83,0.07,0.04,0.07,0
2.36,18.71,0.01,0.1,0.001,5.83,0.7,1.32,0.95,0.0,0.0,0.16,11.75,1.27,0.002,28.19,0.15,0.05,0.38,0.04,1
0.06,0.37,0.1,2.41,0.03,0.14,0.02,0.08,1.05,0.0,0.0,0.007,6.48,1.46,0.006,10.03,6.28,0.01,0.01,0.08,0
3.81,23.79,0.82,3.99,0.02,1.19,0.11,1.04,1.06,0.5,0.5,0.038,16.14,1.37,0.005,33.04,5.52,0.06,0.42,0.09,0
0.71,20.24,0.02,3.93,0.002,0.12,0.02,1.05,0.68,0.39,0.001,0.159,7.45,1.81,0.004,23.36,6.3,0.02,0.39,0.03,1
1.55,11.3,0.02,3.14,0.007,7.52,0.03,0.1,1.38,0.0,0.0,0.033,7.43,1.55,0.007,19.77,2.42,0.09,0.26,0.02,1
0.09,0.04,0.08,2.61,0.01,0.11,0.01,0.07,0.73,0.0,0.0,0.157,11.77,2.27,0.006,0.81,1.34,0.03,0.1,0.04,0
2.73,29.18,0.01,3.65,0.003,3.33,0.67,1.5,0.48,0.0,0.0,0.125,14.07,1.67,0.0,11.27,6.85,0.06,0.11,0.06,1
3.56,0.8,0.57,1.0,0.04,2.03,0.52,0.85,1.35,0.05,0.008,0.059,6.75,2.22,0.003,16.22,1.7,0.03,0.04,0.03,1
4.19,20.35,0.01,1.47,0.003,3.09,0.52,1.68,1.4,0.0,0.0,0.164,10.88,1.54,0.005,19.88,4.21,0.09,0.17,0.06,1
0.15,1.38,0.03,3.14,0.002,2.73,0.39,1.26,0.13,0.93,0.93,0.165,4.0,1.01,0.0,38.53,0.16,0.07,0.27,0.01,1
2.24,9.56,0.03,0.18,0.006,5.6,0.64,0.02,1.05,0.0,0.0,0.174,13.07,1.79,0.006,12.64,4.39,0.06,0.34,0.07,1
2.37,24.23,0.03,3.38,0.001,1.98,0.78,1.18,0.07,0.77,0.77,0.042,16.71,1.32,0.009,50.66,1.07,0.05,0.16,0.06,0
0.9,5.48,0.05,3.58,0.001,4.95,0.15,1.38,1.39,0.87,0.87,0.047,2.77,1.21,0.001,25.15,7.35,0.09,0.44,0.08,1
3.89,1.05,0.01,2.28,0.008,1.26,0.04,0.14,0.77,0.24,0.003,0.062,13.59,1.98,0.005,51.76,0.99,0.08,0.49,0.08,1
1.14,18.64,0.01,1.07,0.007,1.77,0.76,1.72,1.07,0.96,0.96,0.119,11.04,1.98,0.005,11.2,2.18,0.02,0.15,0.02,1
1.39,19.96,0.05,3.96,0.005,6.77,0.24,1.23,0.35,0.89,0.89,0.12,17.32,1.12,0.01,55.57,3.62,0.07,0.23,0.03,0
0.26,6.3,0.19,1.12,0.11,6.86,0.09,0.04,0.8,0.37,0.002,0.001,17.63,1.9,0.002,41.78,4.08,0.06,0.05,0.01,1
0.01,11.7,0.07,0.67,0.01,0.32,0.08,1.89,0.17,0.0,0.66,0.124,17.61,0.64,0.009,0.23,1.21,0.07,0.05,0.02,0
0.06,29.04,0.45,4.37,0.02,6.2,0.34,0.08,1.18,0.81,0.81,0.075,0.62,1.25,0.005,40.75,4.88,0.08,0.04,0.01,1
0.05,25.3,0.07,0.78,0.09,0.17,0.09,0.71,0.91,0.66,0.66,0.182,15.37,1.9,0.006,0.59,1.56,0.08,0.07,0.05,0
2.42,2.15,0.03,1.99,0.001,6.2,0.03,1.33,1.0,0.18,0.005,0.152,16.52,1.48,0.006,43.4,3.36,0.07,0.27,0.06,0
0.05,8.05,0.05,1.22,0.06,0.35,0.06,1.89,0.17,0.66,0.66,0.124,16.85,1.47,0.009,0.75,1.88,0.07,0.02,0.02,0
3.12,25.42,0.04,1.29,0.08,1.94,0.12,0.23,0.31,0.43,0.0,0.102,1.24,1.95,0.001,51.42,5.01,0.02,0.2,0.03,0
4.48,11.84,0.05,2.74,0.008,6.11,0.14,1.99,1.44,0.15,0.003,0.1,3.84,1.67,0.01,30.91,2.12,0.02,0.49,0.04,1
0.1,0.75,0.03,2.11,0.07,0.38,0.01,1.13,1.05,0.97,0.97,0.007,5.79,1.3,0.006,3.6,0.72,0.01,0.08,0.08,0
1.86,10.48,0.04,3.79,0.001,5.65,0.69,1.59,0.21,0.0,0.0,0.016,4.94,1.48,0.001,39.06,7.51,0.04,0.4,0.01,1
3.21,23.64,0.04,0.55,0.006,3.08,0.28,1.5,0.63,0.0,0.0,0.152,7.86,1.82,0.005,28.19,5.94,0.07,0.22,0.02,1
0.1,27.37,0.03,0.06,0.1,0.29,0.06,1.29,1.04,0.49,0.001,0.079,15.05,1.09,0.005,3.23,0.49,0.01,0.07,0.03,0
0.08,28.55,0.01,2.47,0.004,4.62,0.77,1.84,0.4,0.59,0.59,0.178,5.29,1.22,0.004,32.54,4.83,0.02,0.1,0.02,1
0.05,12.27,0.08,2.66,0.09,0.05,0.09,0.02,0.51,0.02,0.008,0.187,1.07,0.97,0.01,0.44,6.41,0.08,0.01,0.0,0
4.25,28.9,0.04,1.11,0.008,0.4,0.37,0.77,0.46,0.19,0.001,0.059,13.37,1.68,0.005,15.8,0.73,0.01,0.42,0.03,1
4.8,11.92,0.05,3.2,0.006,7.37,0.46,1.43,1.49,0.58,0.58,0.16,6.03,1.25,0.0,33.02,6.74,0.0,0.42,0.0,1
0.0,0.42,0.06,0.39,0.03,0.47,0.09,0.01,1.14,0.0,0.002,0.065,1.2,0.39,0.01,9.71,0.84,0.02,0.02,0.06,1
2.73,19.42,0.02,1.78,0.005,1.97,0.74,0.18,0.13,0.79,0.79,0.132,9.4,1.68,0.006,25.97,6.35,0.0,0.17,0.06,1
0.93,11.63,0.02,0.87,0.004,1.42,0.77,0.27,1.45,0.84,0.84,0.14,4.52,1.4,0.0,12.94,3.92,0.04,0.03,0.05,1
0.07,8.71,0.05,0.03,0.01,0.07,0.02,0.1,1.06,0.0,0.008,0.103,3.7,0.43,0.007,2.74,1.61,0.01,0.08,0.07,1
2.8,23.13,0.04,0.12,0.006,3.67,0.29,0.98,0.27,0.2,0.005,0.012,8.32,1.02,0.004,24.98,0.74,0.07,0.45,0.08,1
2.54,27.03,0.01,1.17,0.002,4.52,0.18,1.93,0.78,0.55,0.55,0.17,18.01,1.51,0.003,4.32,4.82,0.04,0.15,0.01,1
0.05,5.86,0.06,2.35,0.06,0.58,0.06,0.03,0.4,0.0,0.0,0.097,12.19,1.45,0.01,1.7,6.96,0.05,0.08,0.03,0
3.52,23.9,0.02,2.77,0.003,1.07,0.54,1.35,1.03,0.0,0.0,0.067,13.92,1.31,0.0,12.23,2.42,0.05,0.23,0.0,1
0.09,13.91,0.04,0.54,0.02,0.06,0.02,0.63,0.7,0.08,0.001,0.144,9.91,0.07,0.005,0.7,0.08,0.06,0.03,0.02,1
2.71,22.74,0.29,3.04,0.02,3.36,0.79,1.57,0.66,0.0,0.0,0.071,14.49,1.81,0.008,34.71,3.32,0.05,0.32,0.06,0
2.83,26.13,0.64,3.0,0.08,3.14,0.32,1.87,1.16,0.0,0.009,0.001,12.7,1.82,0.005,58.03,6.05,0.07,0.36,0.08,0
0.65,13.96,0.001,3.72,0.001,5.17,0.37,1.64,1.39,0.3,0.005,0.156,15.69,1.22,0.003,16.85,0.67,0.03,0.21,0.06,1
0.06,16.45,0.03,3.01,0.001,4.16,0.36,0.31,0.74,0.55,0.55,0.093,7.85,1.78,0.009,32.15,7.43,0.09,0.09,0.05,0
2.52,28.4,0.39,4.07,0.06,3.66,0.63,1.47,1.37,0.31,0.002,0.197,13.57,1.32,0.005,16.99,2.13,0.09,0.05,0.03,0
0.02,28.29,0.05,0.1,0.01,0.08,0.06,0.06,0.46,0.0,0.001,0.059,13.37,0.69,0.005,2.46,0.48,0.01,0.06,0.03,0
0.36,7.11,0.04,2.04,0.006,5.85,0.75,1.44,0.58,0.21,0.006,0.066,0.6,1.27,0.003,26.57,3.28,0.05,0.15,0.02,1
0.05,7.75,0.09,0.75,0.06,0.66,0.06,0.09,0.71,0.0,0.0,0.115,9.09,2.54,0.004,3.59,0.35,0.08,0.05,0.01,0
2.35,14.14,0.02,2.86,0.009,5.27,0.01,0.71,0.52,0.39,0.007,0.146,7.72,1.57,0.003,27.48,2.92,0.07,0.41,0.01,1
0.05,17.1,0.02,0.66,0.1,0.01,0.06,1.19,0.26,0.72,0.72,0.034,17.27,1.6,0.004,8.08,1.43,0.04,0.09,0.06,0
0.03,14.25,0.05,0.95,0.09,0.09,0.06,0.36,0.37,0.0,0.001,0.033,9.79,0.43,0.005,2.5,0.35,0.05,0.05,0.06,0
0.07,17.13,0.01,2.63,0.003,7.8,0.4,1.24,0.92,0.42,0.006,0.172,6.13,1.06,0.004,37.72,5.9,0.08,0.21,0.01,0
0.07,11.01,0.0,0.42,0.0,0.03,0.04,1.04,1.39,0.07,0.006,0.176,3.45,1.15,0.008,5.09,1.69,0.03,0.07,0.05,0
0.05,1.94,0.04,0.31,0.004,4.78,0.04,0.65,0.2,0.45,0.005,0.013,16.7,1.55,0.003,43.22,3.1,0.01,0.01,0.01,1
0.02,7.02,0.1,0.34,0.07,0.03,0.06,1.65,0.08,0.51,0.51,0.025,14.22,1.7,0.002,0.32,0.22,0.08,0.08,0.06,0
3.4,12.21,0.24,1.19,0.05,5.64,0.8,0.03,0.93,0.62,0.62,0.05,19.6,1.93,0.001,31.45,4.21,0.06,0.07,0.02,1
4.0,5.65,0.02,3.4,0.003,0.73,0.47,1.32,0.65,0.95,0.95,0.148,9.15,1.1,0.0,40.62,0.88,0.0,0.29,0.09,1
0.01,8.37,0.09,0.61,0.07,0.25,0.05,0.09,0.03,0.0,0.6,0.193,10.52,0.15,0.003,2.84,0.93,0.01,0.04,0.04,0
0.05,0.94,0.02,0.89,0.0,0.41,0.02,1.84,0.75,0.92,0.92,0.142,7.76,1.46,0.004,0.92,1.41,0.02,0.02,0.09,0
0.1,23.18,0.02,1.82,0.008,0.53,0.8,1.39,0.66,0.7,0.7,0.126,8.49,1.22,0.003,44.84,0.72,0.0,0.33,0.0,0
0.02,9.0,0.05,1.38,0.0,0.07,0.08,0.66,0.03,0.62,0.62,0.024,2.39,1.58,0.01,0.62,0.45,0.02,0.03,0.03,0
3.05,22.43,0.03,0.89,0.005,5.99,0.86,1.72,0.81,0.87,0.87,0.15,2.74,1.6,0.004,28.79,7.27,0.02,0.24,0.05,1
0.1,23.25,0.02,0.4,0.06,0.12,0.08,0.04,0.52,0.0,0.003,0.057,13.75,0.57,0.005,11.65,0.31,0.07,0.01,0.08,0
0.05,16.94,0.05,0.77,0.08,0.7,0.01,0.09,1.44,0.0,0.003,0.092,7.26,0.89,0.009,7.39,0.08,0.02,0.08,0.07,1
4.19,8.81,0.05,2.42,0.004,2.37,0.76,1.89,0.95,0.36,0.003,0.178,16.01,1.41,0.004,23.35,0.91,0.02,0.11,0.06,1
1.75,4.3,0.05,3.06,0.001,5.92,0.47,1.53,1.25,0.6,0.6,0.164,11.15,1.98,0.002,6.22,6.79,0.06,0.12,0.04,1
2.68,9.02,0.04,3.98,0.002,0.22,0.09,0.54,0.14,0.27,0.004,0.069,8.43,1.84,0.007,21.79,2.91,0.08,0.43,0.09,1
3.85,1.53,0.01,1.11,0.007,3.74,0.41,0.85,0.82,0.9,0.9,0.154,13.5,1.85,0.009,29.96,4.47,0.03,0.19,0.0,1
0.06,3.8,0.37,3.55,0.07,8.13,0.29,0.04,0.57,0.64,0.64,0.154,17.09,2.08,0.002,14.0,0.79,0.04,0.03,0.0,1
0.8,3.56,0.03,2.75,0.006,5.43,0.53,0.96,0.02,0.0,0.0,0.042,11.36,1.96,0.009,38.71,6.67,0.09,0.27,0.04,1
0.01,18.62,0.01,0.81,0.05,0.49,0.02,1.04,1.19,0.0,0.001,0.079,8.6,0.08,0.008,2.4,2.16,0.03,0.03,0.0,1
0.06,26.04,0.03,0.73,0.01,0.07,0.08,0.26,0.82,0.74,0.74,0.197,17.26,1.23,0.003,1.74,0.74,0.1,0.04,0.07,0
0.08,1.34,0.02,1.82,0.005,3.95,0.8,1.99,0.48,0.33,0.001,0.05,17.88,1.28,0.0,22.76,6.66,0.09,0.16,0.0,0
0.2,21.02,0.53,0.75,0.08,2.16,0.25,0.05,1.09,0.34,0.005,0.084,6.61,2.07,0.001,22.17,4.6,0.06,0.04,0.01,1
0.04,9.2,0.01,1.74,0.009,0.63,0.3,1.7,0.29,0.78,0.78,0.185,12.75,1.66,0.006,33.24,2.58,0.03,0.4,0.04,0
0.03,19.92,0.01,2.19,0.08,0.23,0.0,0.05,0.63,0.45,0.0,0.142,7.2,1.84,0.007,10.42,1.77,0.06,0.02,0.01,0
4.03,25.54,0.05,0.34,0.008,1.84,0.32,1.1,0.22,0.21,0.005,0.192,17.93,1.38,0.009,17.62,2.08,0.06,0.11,0.05,1
0.08,24.32,0.01,1.91,0.001,0.8,0.06,0.68,0.01,0.95,0.95,0.006,0.67,1.25,0.01,51.8,6.59,0.04,0.46,0.08,0
3.48,3.44,0.04,0.38,0.002,4.77,0.19,1.77,1.43,0.97,0.97,0.118,2.17,1.03,0.002,28.76,7.36,0.03,0.1,0.0,1
2.66,1.01,0.001,2.35,0.005,1.77,0.7,1.95,0.48,0.0,0.0,0.174,15.72,1.48,0.01,27.97,0.53,0.05,0.21,0.07,1
4.18,14.0,0.03,0.59,0.002,2.2,0.29,0.99,0.31,0.01,0.007,0.19,10.63,1.28,0.003,5.87,3.41,0.04,0.09,0.04,1
0.97,24.23,0.17,0.43,0.04,2.91,0.69,0.57,0.61,0.0,0.0,0.117,7.37,1.38,0.003,27.28,2.41,0.02,0.06,0.02,1
0.06,1.11,0.03,0.32,0.09,0.0,0.07,1.54,0.32,0.33,0.006,0.041,19.44,1.69,0.009,11.3,0.82,0.06,0.05,0.08,0
0.35,21.76,0.01,2.53,0.004,0.85,0.59,0.08,1.19,0.7,0.7,0.157,10.87,1.23,0.0,22.58,6.7,0.04,0.42,0.02,1
0.06,22.96,0.08,0.85,0.02,0.02,0.08,0.8,0.63,0.0,0.007,0.112,10.14,0.81,0.001,1.12,0.34,0.03,0.07,0.05,0
4.79,12.45,0.02,3.01,0.007,5.42,0.58,1.25,0.51,0.69,0.69,0.111,15.27,1.27,0.001,16.55,2.83,0.03,0.22,0.03,1
4.38,22.68,0.01,0.73,0.009,1.36,0.67,1.26,0.59,0.75,0.75,0.011,3.76,1.28,0.01,17.71,1.03,0.02,0.02,0.06,1
0.04,8.48,0.05,1.28,0.1,0.34,0.05,1.85,0.88,0.36,0.005,0.072,3.16,0.65,0.009,1.64,0.52,0.1,0.05,0.06,0
0.05,12.39,0.17,3.41,0.12,2.5,0.21,1.97,1.36,0.37,0.001,0.06,15.05,1.29,0.004,46.97,0.87,0.03,0.27,0.05,0
0.07,17.58,0.01,0.97,0.05,0.47,0.06,0.8,1.28,0.0,0.93,0.184,11.5,0.88,0.003,3.24,0.23,0.09,0.09,0.09,0
0.24,17.44,0.72,4.07,0.01,5.83,0.28,0.06,1.4,0.7,0.7,0.115,14.88,1.43,0.005,49.58,5.95,0.07,0.47,0.07,0
3.52,23.19,0.03,2.69,0.006,4.94,0.76,1.85,1.24,0.75,0.75,0.124,1.91,1.0,0.008,24.84,3.19,0.08,0.37,0.06,1
4.91,18.02,0.04,0.13,0.005,5.22,0.84,0.62,0.97,0.23,0.006,0.12,8.9,1.3,0.003,6.87,5.77,0.01,0.03,0.07,1
4.12,17.99,0.02,3.43,0.006,0.01,0.41,1.82,0.22,0.99,0.99,0.108,8.06,1.76,0.005,24.29,0.88,0.1,0.1,0.07,1
4.55,10.69,0.001,3.42,0.007,3.35,0.36,0.88,1.13,0.0,0.0,0.03,8.25,1.8,0.006,38.44,2.08,0.09,0.24,0.03,1
3.12,18.12,0.03,3.98,0.006,1.87,0.07,0.66,0.04,0.32,0.002,0.028,8.02,1.07,0.002,40.27,1.16,0.0,0.35,0.02,1
0.06,0.75,0.07,0.64,0.05,0.08,0.1,0.36,1.14,0.0,0.0,0.065,1.34,2.73,0.01,0.24,0.54,0.02,0.03,0.06,0
2.25,6.71,0.01,1.66,0.009,1.82,0.14,1.63,0.26,0.0,0.0,0.142,2.11,1.47,0.006,10.56,1.2,0.0,0.45,0.0,1
0.1,13.23,0.01,0.25,0.08,0.05,0.03,0.02,0.99,0.05,0.003,0.078,15.13,1.27,0.006,0.04,1.3,0.07,0.07,0.01,0
2.64,6.52,0.04,3.93,0.002,6.6,0.72,0.04,1.37,0.0,0.0,0.032,4.38,1.48,0.007,33.77,1.16,0.07,0.01,0.0,1
0.79,25.24,0.02,0.48,0.003,5.54,0.21,0.03,1.27,0.82,0.82,0.041,16.88,1.29,0.009,29.14,4.72,0.05,0.2,0.07,0
1.77,10.45,0.04,2.06,0.007,6.12,0.65,1.05,0.96,0.32,0.008,0.049,1.61,1.7,0.001,10.44,1.86,0.01,0.07,0.05,1
2.33,16.23,0.01,1.78,0.003,2.01,0.51,0.46,0.74,0.48,0.001,0.072,13.2,1.24,0.005,31.59,4.31,0.09,0.28,0.08,1
0.06,12.44,0.01,0.68,0.04,0.67,0.04,0.08,0.61,0.0,0.001,0.03,1.43,0.34,0.009,0.28,0.58,0.0,0.01,0.04,1
0.07,0.17,0.08,0.57,0.01,0.01,0.05,0.03,0.44,0.0,0.0,0.047,14.61,1.0,0.002,1.5,3.95,0.05,0.09,0.0,1
0.93,15.17,0.02,0.82,0.004,1.58,0.45,1.46,0.45,0.0,0.0,0.197,15.13,1.9,0.001,7.93,4.86,0.05,0.04,0.06,1
0.02,22.56,0.05,0.53,0.04,0.07,0.01,1.53,0.87,0.0,0.008,0.079,9.38,0.7,0.007,0.77,5.2,0.06,0.06,0.05,0
2.45,27.89,0.02,3.25,0.004,3.35,0.77,1.99,0.22,0.25,0.008,0.085,3.29,1.88,0.008,15.08,2.35,0.09,0.09,0.03,1
0.01,3.73,0.05,3.38,0.005,4.01,0.78,1.18,1.41,0.63,0.63,0.128,8.99,1.43,0.01,38.03,2.77,0.02,0.05,0.06,0
3.6,8.24,0.03,1.92,0.003,1.44,0.08,1.89,0.65,0.39,0.008,0.011,13.75,1.8,0.001,32.55,5.78,0.08,0.04,0.07,1
2.46,23.16,1.02,3.6,0.13,6.3,0.73,1.59,0.27,0.88,0.88,0.183,8.57,2.05,0.006,19.52,3.24,0.06,0.09,0.07,0
0.09,22.72,0.09,0.68,0.04,0.07,0.08,0.07,1.37,0.09,0.008,0.042,11.36,0.49,0.001,7.65,0.33,0.07,0.02,0.02,0
0.42,3.22,0.01,0.65,0.008,0.9,0.83,1.08,0.15,0.23,0.007,0.184,2.67,1.21,0.001,13.9,4.86,0.0,0.21,0.05,1
0.09,7.11,0.01,0.46,0.05,0.07,0.01,0.08,0.33,0.0,0.0,0.061,1.87,0.43,0.01,6.11,0.84,0.01,0.03,0.02,0
2.22,22.69,0.87,1.4,0.06,7.54,0.62,0.61,1.46,0.84,0.84,0.136,17.39,2.48,0.007,34.83,5.67,0.06,0.15,0.08,0
1.03,16.96,0.01,1.79,0.005,2.5,0.62,0.79,0.15,0.62,0.62,0.106,6.94,1.09,0.001,19.33,4.62,0.02,0.41,0.07,1
0.29,29.14,0.02,3.83,0.004,5.66,0.34,1.95,1.18,0.81,0.81,0.075,0.44,1.12,0.005,21.86,4.88,0.08,0.04,0.01,1
0.01,16.13,0.05,0.57,0.07,0.09,0.07,1.14,1.14,0.0,0.004,0.045,9.14,0.87,0.01,0.14,2.3,0.02,0.05,0.04,1
3.5,2.36,0.02,1.85,0.004,2.81,0.46,0.03,0.73,0.0,0.0,0.024,9.49,1.71,0.007,44.67,7.52,0.03,0.26,0.08,1
0.99,28.95,0.05,2.13,0.007,7.64,0.04,0.84,0.62,0.0,0.0,0.093,10.81,1.5,0.004,57.11,0.2,0.03,0.48,0.02,0
2.48,7.47,0.05,1.77,0.001,4.02,0.62,0.05,1.37,0.94,0.94,0.151,8.35,1.19,0.0,55.8,5.56,0.07,0.17,0.03,0
0.02,23.34,0.09,0.34,0.09,0.12,0.09,0.64,0.43,0.46,0.002,0.059,16.51,0.94,0.006,1.88,0.55,0.03,0.02,0.06,0
3.73,4.69,0.04,0.17,0.008,1.87,0.69,1.49,0.75,0.66,0.66,0.099,10.1,1.67,0.007,40.92,6.53,0.02,0.07,0.09,1
0.03,1.93,0.05,0.33,0.06,0.04,0.08,0.27,0.53,0.0,0.002,0.11,14.24,1.28,0.009,1.74,2.4,0.04,0.04,0.0,0
2.51,6.6,1.0,2.89,0.11,7.43,0.5,1.04,0.63,0.0,0.007,0.179,8.24,1.47,0.001,50.09,0.51,0.04,0.08,0.09,0
0.09,10.1,0.1,0.45,0.03,0.41,0.05,0.02,1.31,0.0,0.0,0.088,9.72,1.17,0.01,5.79,7.38,0.1,0.04,0.06,0
0.05,27.89,0.02,3.25,0.004,3.35,0.77,1.99,0.22,0.25,0.008,0.085,3.29,1.88,0.008,15.08,2.35,0.09,0.09,0.03,0
2.72,26.67,0.05,0.53,0.006,1.87,0.18,1.76,1.44,0.0,0.0,0.162,4.69,1.66,0.009,22.73,3.61,0.05,0.02,0.05,1
3.09,6.31,0.05,2.91,0.006,5.66,0.01,0.98,0.33,0.49,0.007,0.062,4.91,1.18,0.004,43.27,0.06,0.03,0.36,0.03,1
4.55,29.14,0.02,3.83,0.004,5.66,0.34,1.95,1.18,0.0,0.0,0.075,0.44,1.12,0.005,21.86,4.88,0.08,0.04,0.01,1
4.04,7.61,0.01,3.62,0.003,3.54,0.45,0.91,1.26,0.74,0.74,0.16,15.37,1.08,0.004,38.53,1.56,0.01,0.16,0.08,1
0.04,12.42,0.76,2.09,0.01,7.18,0.3,0.08,0.21,0.54,0.54,0.097,17.83,1.78,0.009,34.26,3.17,0.05,0.26,0.05,0
2.25,11.64,0.01,3.73,0.009,5.67,0.64,0.4,0.27,0.0,0.0,0.062,4.46,1.26,0.009,26.12,7.76,0.06,0.03,0.09,1
2.91,13.81,0.03,0.68,0.007,5.06,0.47,1.21,1.09,0.77,0.77,0.158,1.67,1.03,0.004,1.09,0.89,0.05,0.04,0.08,1
0.07,24.05,0.03,0.44,0.07,0.03,0.09,1.88,0.45,0.38,0.009,0.128,4.08,1.67,0.002,4.24,0.86,0.01,0.09,0.07,0
2.67,7.23,0.04,3.38,0.002,3.82,0.75,1.93,0.18,0.0,0.0,0.04,6.22,1.65,0.007,42.42,5.34,0.04,0.03,0.06,1
0.02,12.69,0.05,3.75,0.006,7.44,0.65,1.78,0.01,0.75,0.75,0.153,4.86,1.99,0.004,25.23,2.86,0.01,0.23,0.07,0
4.82,20.75,0.001,2.52,0.007,2.98,0.08,1.55,0.14,0.89,0.89,0.041,2.29,1.61,0.008,1.49,3.44,0.01,0.22,0.02,1
2.72,2.22,0.001,3.32,0.001,7.85,0.06,1.69,1.37,0.0,0.0,0.161,2.65,1.9,0.009,41.23,1.8,0.04,0.09,0.01,1
0.09,18.54,0.04,0.2,0.02,0.04,0.03,0.05,1.43,0.92,0.92,0.04,4.94,2.17,0.007,1.9,0.52,0.01,0.06,0.01,0
0.3,22.22,0.04,1.09,0.09,2.87,0.36,0.29,0.51,0.86,0.86,0.048,2.61,2.01,0.005,23.64,5.45,0.07,0.04,0.07,0
3.79,19.33,0.04,3.89,0.001,3.96,0.6,1.38,0.84,0.15,0.001,0.165,13.2,1.21,0.009,19.26,4.13,0.01,0.48,0.01,1
4.7,18.64,0.001,3.09,0.002,3.9,0.27,0.93,0.94,0.0,0.0,0.011,0.42,1.77,0.004,28.9,4.51,0.0,0.12,0.07,1
0.08,24.96,0.04,3.0,0.004,3.47,0.41,1.57,1.25,0.06,0.007,0.194,11.02,1.15,0.01,55.2,5.61,0.03,0.14,0.03,0
0.42,18.06,0.04,2.22,0.008,6.92,0.61,1.95,0.48,0.0,0.0,0.095,14.52,1.39,0.002,25.83,4.2,0.09,0.08,0.03,1
3.43,15.58,0.04,2.65,0.008,1.49,0.15,1.97,0.26,0.0,0.0,0.122,3.25,1.79,0.008,36.15,3.91,0.06,0.48,0.04,1
0.0,23.45,0.01,0.97,0.04,0.26,0.03,1.53,0.33,0.8,0.8,0.164,7.84,0.25,0.006,1.27,0.46,0.05,0.01,0.06,0
2.09,10.91,0.001,1.68,0.004,5.95,0.02,1.15,0.53,0.66,0.66,0.088,7.76,1.61,0.001,24.8,5.66,0.0,0.17,0.02,1
0.1,0.0,0.07,1.25,0.05,0.09,0.04,0.0,1.31,0.0,0.0,0.065,16.1,0.0,0.003,0.55,2.89,0.05,0.08,0.09,1
2.89,22.57,0.02,2.95,0.005,1.39,0.68,0.77,0.49,0.0,0.0,0.075,18.75,1.44,0.004,14.49,7.3,0.08,0.04,0.04,1
0.08,11.68,0.0,0.17,0.04,0.01,0.05,0.14,1.01,0.0,0.0,0.015,9.99,0.46,0.008,5.61,3.97,0.01,0.02,0.0,1
0.07,21.84,0.03,3.45,0.008,6.1,0.23,0.76,1.16,0.79,0.79,0.049,16.88,1.4,0.006,59.03,4.29,0.07,0.08,0.0,0
0.09,13.57,0.09,0.07,0.06,0.15,0.04,0.67,0.73,0.0,0.92,0.057,7.37,0.03,0.009,0.42,2.75,0.09,0.09,0.0,0
2.26,27.01,0.01,3.84,0.006,5.22,0.79,1.97,1.48,0.0,0.0,0.031,9.52,1.43,0.001,16.06,1.11,0.09,0.14,0.08,1
2.61,6.12,0.88,0.72,0.04,1.43,0.74,0.03,0.15,0.09,0.0,0.165,16.62,1.95,0.003,25.88,3.86,0.01,0.43,0.0,0
0.1,13.62,0.06,0.5,0.04,0.18,0.07,0.44,0.08,0.63,0.63,0.044,16.67,0.81,0.008,5.03,0.33,0.02,0.09,0.09,0
3.71,6.52,0.02,0.42,0.004,0.38,0.47,1.58,0.43,0.0,0.0,0.187,8.88,1.77,0.001,32.92,4.49,0.06,0.46,0.07,1
1.32,0.71,0.02,0.96,0.006,3.98,0.38,1.5,0.92,0.0,0.0,0.184,10.27,1.21,0.007,26.53,4.07,0.04,0.11,0.08,1
0.09,0.01,0.06,0.37,0.08,0.17,0.06,1.74,0.97,0.24,0.004,0.199,14.34,1.7,0.006,0.08,0.29,0.07,0.02,0.08,0
0.12,14.13,0.04,3.88,0.007,0.71,0.48,0.18,0.74,0.19,0.005,0.112,17.75,1.62,0.008,33.01,4.51,0.06,0.05,0.02,1
1.36,17.54,0.05,2.42,0.005,2.2,0.3,0.27,0.61,0.65,0.65,0.137,7.77,1.94,0.0,12.93,0.41,0.02,0.2,0.06,1
0.06,16.43,0.01,0.97,0.007,0.11,0.68,1.46,0.93,0.83,0.83,0.166,8.14,1.77,0.007,13.79,0.06,0.08,0.18,0.02,0
0.09,9.71,0.09,0.98,0.07,0.56,0.0,0.01,0.96,0.0,0.008,0.049,1.61,0.84,0.001,0.52,0.17,0.01,0.07,0.05,1
0.03,1.63,0.01,0.66,0.03,0.03,0.04,0.03,0.05,0.0,0.009,0.169,17.89,0.44,0.01,0.09,1.12,0.09,0.02,0.03,0
0.03,10.98,0.05,2.17,0.08,0.63,0.09,1.5,0.23,0.0,0.007,0.166,16.93,0.6,0.003,3.21,2.45,0.07,0.03,0.07,0
0.53,5.44,0.001,2.71,0.008,4.47,0.43,1.11,0.07,0.0,0.0,0.155,12.01,1.19,0.002,34.44,0.02,0.07,0.05,0.01,1
3.01,13.84,0.01,3.99,0.003,3.41,0.46,0.73,1.43,0.84,0.84,0.081,11.15,1.67,0.004,32.08,4.26,0.08,0.26,0.07,1
0.31,26.81,0.01,0.28,0.005,5.37,0.8,1.62,0.96,0.45,0.0,0.138,5.66,1.93,0.0,22.32,0.2,0.01,0.01,0.06,0
3.93,4.89,0.01,2.26,0.004,3.53,0.4,1.49,1.05,0.0,0.0,0.196,6.73,1.31,0.003,22.88,6.43,0.01,0.31,0.08,1
0.08,15.87,0.03,0.11,0.1,0.03,0.01,1.69,0.98,0.28,0.004,0.181,6.07,1.86,0.008,9.23,1.57,0.07,0.05,0.01,0
0.06,0.35,0.05,0.15,0.05,0.02,0.06,0.03,0.33,0.0,0.0,0.113,9.18,1.62,0.01,2.93,1.84,0.02,0.07,0.0,0
0.34,20.63,0.01,0.76,0.006,4.93,0.42,0.61,1.26,0.42,0.005,0.162,0.49,1.45,0.008,50.59,3.04,0.05,0.37,0.05,0
0.09,4.16,0.06,0.33,0.04,0.03,0.02,1.32,0.76,0.0,0.004,0.128,14.79,0.26,0.002,3.06,0.89,0.05,0.04,0.02,0
4.35,1.93,0.2,3.35,0.04,4.21,0.28,1.66,0.79,0.0,0.0,0.059,5.22,1.28,0.006,10.98,4.05,0.06,0.24,0.05,0
0.0,7.23,0.03,1.46,0.007,3.61,0.26,1.86,0.42,0.15,0.003,0.115,5.58,1.97,0.005,17.72,6.36,0.06,0.27,0.06,1
0.02,0.12,0.05,0.79,0.01,0.04,0.06,1.8,0.72,0.57,0.57,0.088,9.41,1.39,0.009,2.29,1.18,0.03,0.01,0.02,0
0.27,9.74,0.01,3.58,0.001,6.71,0.16,1.53,1.17,0.0,0.0,0.091,14.04,1.0,0.009,55.11,0.54,0.03,0.39,0.04,0
0.06,6.66,0.1,0.28,0.01,0.08,0.08,0.01,1.33,0.0,0.0,0.116,12.89,1.6,0.009,1.41,0.46,0.03,0.08,0.03,0
4.95,2.83,0.01,0.2,0.001,4.07,0.56,0.75,1.26,0.87,0.87,0.097,0.43,1.29,0.006,26.15,1.01,0.07,0.16,0.08,1
0.72,9.47,0.01,3.49,0.001,3.23,0.07,0.86,1.29,0.39,0.005,0.016,11.34,1.39,0.008,30.21,6.62,0.01,0.43,0.04,1
3.57,1.97,1.01,2.91,0.02,2.02,0.32,0.94,0.26,0.0,0.0,0.023,11.2,1.52,0.003,51.01,4.23,0.06,0.03,0.04,0
1.82,0.8,0.04,1.77,0.001,3.23,0.56,1.78,1.27,0.15,0.002,0.163,18.18,1.12,0.006,37.41,3.61,0.1,0.25,0.04,1
0.97,13.12,0.09,3.12,0.1,2.47,0.82,1.74,0.52,0.0,0.003,0.001,4.0,1.42,0.009,35.2,6.85,0.01,0.15,0.07,0
0.07,20.99,0.04,1.74,0.07,0.1,0.1,0.06,1.43,0.0,0.51,0.094,5.74,0.94,0.005,6.41,2.43,0.05,0.04,0.03,0
0.07,8.92,0.02,0.54,0.06,0.0,0.08,1.49,1.45,0.42,0.009,0.159,2.7,1.24,0.001,0.83,1.52,0.04,0.05,0.0,0
0.04,16.16,0.42,2.32,0.04,4.73,0.72,0.08,0.35,0.89,0.89,0.001,3.34,2.21,0.007,11.27,7.23,0.09,0.13,0.08,0
3.41,22.45,0.32,4.5,0.05,3.75,0.17,0.79,0.34,0.0,0.001,0.08,1.52,1.31,0.009,53.77,4.78,0.03,0.1,0.01,1
3.26,22.23,0.04,2.19,0.006,0.26,0.77,1.26,0.04,0.0,0.0,0.046,11.37,1.44,0.007,16.91,2.06,0.1,0.07,0.07,1
0.04,9.47,0.001,1.31,0.006,4.58,0.43,0.55,0.96,0.11,0.001,0.131,18.8,1.79,0.007,11.1,5.62,0.08,0.08,0.06,0
1.09,2.07,0.02,3.01,0.002,3.03,0.25,0.39,0.76,0.15,0.004,0.082,14.87,1.58,0.01,41.01,2.82,0.02,0.45,0.01,1
0.11,22.35,0.04,1.33,0.004,4.06,0.42,0.38,1.11,0.93,0.93,0.097,9.22,1.93,0.002,52.16,4.4,0.02,0.45,0.05,0
1.2,0.69,0.001,2.03,0.006,3.29,0.5,1.3,1.06,0.55,0.55,0.1,3.34,1.58,0.007,26.68,6.06,0.02,0.48,0.04,1
0.06,22.29,0.05,1.87,0.001,2.52,0.46,0.24,0.66,0.09,0.008,0.17,16.17,1.51,0.006,14.55,0.68,0.02,0.09,0.02,1
3.02,8.17,0.001,3.76,0.004,3.4,0.29,1.28,0.32,0.53,0.53,0.175,0.8,1.09,0.007,8.33,6.53,0.01,0.32,0.02,1
0.08,11.44,0.09,0.24,0.01,0.2,0.0,1.09,0.97,0.49,0.003,0.051,4.28,1.42,0.006,13.32,0.64,0.04,0.02,0.08,0
3.81,8.13,0.02,3.51,0.003,2.4,0.05,0.06,0.74,0.05,0.003,0.075,4.26,1.25,0.003,47.47,7.35,0.05,0.36,0.0,1
0.05,19.74,0.03,0.3,0.01,0.05,0.01,0.04,1.35,0.0,0.85,0.1,12.71,0.79,0.005,0.16,1.65,0.01,0.02,0.09,0
0.12,17.45,0.41,0.97,0.03,1.37,0.38,0.41,0.72,0.25,0.007,0.02,0.83,1.42,0.01,44.59,2.97,0.06,0.1,0.02,1
0.07,27.55,0.71,3.12,0.05,4.78,0.41,0.78,0.33,0.5,0.5,0.18,17.47,2.09,0.002,55.99,3.48,0.0,0.42,0.02,0
0.09,10.67,0.02,0.55,0.001,3.74,0.12,1.77,0.43,0.8,0.8,0.114,12.69,1.18,0.008,34.64,0.9,0.02,0.16,0.06,0
2.54,0.09,0.03,3.22,0.005,1.18,0.26,1.8,0.72,0.0,0.0,0.088,9.41,1.39,0.009,39.38,7.7,0.03,0.34,0.02,1
0.05,1.97,0.03,0.06,0.08,0.04,0.09,1.53,1.3,0.93,0.93,0.075,12.42,0.08,0.008,0.26,2.44,0.05,0.04,0.05,0
0.07,22.8,0.09,0.54,0.08,0.04,0.08,1.33,1.37,0.09,0.008,0.042,11.36,1.95,0.001,3.84,0.86,0.07,0.01,0.02,0
0.08,21.94,0.02,1.22,0.09,0.23,0.08,0.03,0.63,0.0,0.74,0.132,11.04,0.62,0.009,2.55,5.87,0.1,0.05,0.05,0
0.3,0.44,0.001,2.5,0.007,6.11,0.35,1.79,0.89,0.67,0.67,0.136,14.27,1.73,0.006,16.99,4.12,0.09,0.42,0.01,1
0.01,18.02,0.01,2.74,0.004,2.03,0.59,0.53,0.12,0.66,0.66,0.016,8.96,1.61,0.01,54.13,0.4,0.0,0.08,0.03,1
1.91,10.38,0.71,3.83,0.07,5.77,0.69,1.59,0.21,0.35,0.003,0.016,5.55,1.54,0.001,1.91,7.51,0.04,0.4,0.01,0
0.17,16.77,0.03,1.81,0.003,0.05,0.03,0.04,1.16,0.51,0.51,0.044,5.17,1.47,0.006,51.61,3.72,0.04,0.14,0.08,0
1.08,1.23,0.04,3.9,0.006,2.29,0.88,0.49,1.15,0.7,0.7,0.081,9.24,1.67,0.004,40.75,6.72,0.07,0.42,0.07,1
4.69,8.04,0.02,2.36,0.003,1.78,0.26,1.97,0.08,0.0,0.0,0.184,7.92,1.74,0.003,42.56,5.83,0.01,0.48,0.07,1
0.15,29.1,0.01,2.38,0.009,3.42,0.86,1.61,1.39,0.09,0.005,0.043,16.1,1.13,0.0,39.6,3.6,0.04,0.12,0.05,0
0.07,13.86,0.1,1.13,0.03,0.12,0.08,0.71,0.52,0.0,0.007,0.146,8.64,0.1,0.003,1.36,0.18,0.07,0.06,0.01,1
2.39,14.48,0.02,1.14,0.005,0.98,0.23,1.3,0.37,0.98,0.98,0.156,10.15,1.09,0.008,21.22,3.24,0.05,0.44,0.0,1
0.01,7.23,0.04,3.38,0.002,3.82,0.75,1.93,0.18,0.49,0.008,0.04,6.22,1.65,0.007,42.42,5.34,0.04,0.03,0.06,0
0.1,28.24,0.04,3.57,0.008,2.58,0.65,0.25,1.16,0.98,0.98,0.191,10.96,1.05,0.007,44.03,6.19,0.03,0.17,0.07,0
4.39,15.46,0.03,0.54,0.007,3.99,0.19,0.28,1.16,0.85,0.85,0.005,10.61,1.2,0.005,33.56,1.46,0.09,0.23,0.08,1
0.06,20.51,0.57,0.9,0.06,1.82,0.7,0.04,0.7,0.87,0.87,0.001,10.35,1.25,0.008,34.8,3.54,0.02,0.47,0.07,0
0.05,25.48,0.43,3.88,0.12,0.76,0.3,1.39,1.3,0.0,0.008,0.08,9.35,1.79,0.009,28.76,7.21,0.09,0.22,0.08,0
0.07,15.49,0.03,0.4,0.07,0.03,0.02,1.08,1.43,0.89,0.89,0.08,2.14,1.22,0.008,0.69,3.1,0.06,0.0,0.08,0
0.07,2.58,0.03,0.51,0.003,5.67,0.68,1.25,0.29,0.78,0.78,0.112,2.44,1.23,0.006,6.7,3.04,0.07,0.32,0.06,0
0.05,12.31,0.03,0.35,0.006,5.59,0.8,0.03,0.93,0.62,0.62,0.05,18.81,1.9,0.001,48.98,4.21,0.06,0.07,0.02,1
0.04,11.47,0.06,1.79,0.03,0.08,0.02,0.04,0.04,0.0,0.002,0.089,7.47,0.63,0.0,0.43,0.12,0.06,0.04,0.05,1
0.08,2.1,0.05,2.69,0.009,3.47,0.4,1.71,1.4,0.95,0.95,0.025,9.35,1.76,0.007,13.09,6.07,0.04,0.19,0.08,0
0.02,27.44,0.02,0.42,0.09,0.04,0.1,1.47,1.37,0.31,0.002,0.197,14.22,0.62,0.005,3.38,0.17,0.09,0.06,0.03,0
0.58,27.8,0.02,0.74,0.006,6.07,0.28,0.01,0.78,0.0,0.0,0.035,8.83,1.1,0.001,29.0,1.7,0.07,0.37,0.05,1
2.97,8.37,0.03,1.86,0.001,0.64,0.69,1.05,0.8,0.1,0.003,0.197,18.74,1.09,0.008,33.87,4.25,0.05,0.22,0.01,1
0.06,0.64,0.05,2.51,0.02,0.08,0.05,0.73,1.43,0.0,0.0,0.081,11.3,1.79,0.004,0.87,0.55,0.08,0.06,0.07,0
0.06,3.53,0.03,2.79,0.007,4.08,0.81,1.23,0.75,0.79,0.79,0.025,15.92,1.87,0.002,38.51,7.18,0.07,0.45,0.03,0
2.71,4.82,0.05,0.46,0.005,4.6,0.04,0.29,1.28,0.96,0.96,0.04,10.54,1.27,0.003,10.82,7.74,0.09,0.4,0.07,1
0.04,22.22,0.02,0.65,0.09,0.32,0.03,0.08,1.36,0.0,0.94,0.128,7.67,0.43,0.008,4.12,0.86,0.07,0.07,0.03,0
0.17,22.39,0.01,1.13,0.008,3.35,0.19,1.54,0.47,0.67,0.67,0.042,0.61,1.29,0.008,46.32,2.28,0.1,0.35,0.08,0
2.5,9.49,0.03,3.44,0.003,0.51,0.08,0.16,0.39,0.0,0.0,0.037,17.2,1.21,0.005,22.13,4.07,0.02,0.41,0.06,1
1.81,20.45,0.04,0.14,0.001,4.34,0.69,1.71,1.35,0.85,0.85,0.1,12.71,1.21,0.005,11.04,3.63,0.01,0.48,0.09,1
3.59,13.81,0.01,0.43,0.007,4.84,0.24,0.69,0.45,0.03,0.005,0.049,8.32,1.96,0.0,27.6,0.41,0.09,0.39,0.04,1
0.1,1.97,0.06,0.26,0.05,0.22,0.04,0.08,0.62,0.02,0.0,0.09,13.97,1.0,0.008,0.97,3.78,0.07,0.02,0.06,0
3.77,9.64,0.54,1.99,0.03,3.17,0.48,0.42,1.2,0.0,0.008,0.056,7.86,1.75,0.006,38.67,3.92,0.06,0.1,0.02,1
0.03,22.38,0.02,2.03,0.08,0.08,0.04,1.58,0.57,0.6,0.6,0.146,0.14,1.58,0.01,5.32,2.4,0.07,0.05,0.03,0
0.1,10.15,0.08,0.23,0.06,0.32,0.04,0.22,0.79,0.0,0.59,0.119,14.73,1.35,0.001,1.85,2.2,0.08,0.09,0.05,0
0.4,10.11,0.03,0.15,0.008,4.8,0.44,1.17,0.9,0.0,0.0,0.014,17.66,1.04,0.007,45.25,6.55,0.1,0.19,0.04,0
0.02,10.89,0.03,0.11,0.02,0.02,0.08,1.89,1.38,0.89,0.89,0.033,14.1,1.73,0.009,10.08,4.26,0.0,0.07,0.02,0
0.01,0.76,0.05,0.35,0.05,0.53,0.04,1.33,1.07,0.35,0.004,0.099,9.31,1.89,0.009,0.84,0.36,0.09,0.06,0.09,0
0.12,14.86,0.37,1.11,0.02,6.39,0.0,0.81,0.24,0.0,0.0,0.005,16.93,1.73,0.002,17.69,1.67,0.04,0.0,0.03,1
0.02,15.23,0.05,0.09,0.09,0.11,0.06,0.08,1.44,0.34,0.004,0.172,0.88,1.9,0.01,5.39,0.29,0.05,0.0,0.08,0
1.19,18.95,0.03,2.87,0.007,6.86,0.81,0.06,0.78,0.89,0.89,0.09,17.23,1.69,0.004,3.38,7.69,0.01,0.41,0.09,1
0.1,19.49,0.18,2.36,0.13,6.72,0.06,0.01,0.94,0.51,0.51,0.198,11.05,1.68,0.008,44.13,7.92,0.08,0.09,0.03,0
0.09,24.77,0.1,0.57,0.04,0.18,0.02,0.13,0.84,0.65,0.65,0.168,19.1,0.39,0.0,0.99,3.2,0.05,0.08,0.0,0
0.27,11.62,0.03,1.31,0.001,5.98,0.32,1.63,0.75,0.95,0.95,0.162,14.05,1.22,0.001,1.12,0.05,0.06,0.02,0.05,1
0.01,24.65,0.07,1.68,0.07,0.55,0.02,0.93,0.62,0.35,0.004,0.198,9.54,0.91,0.001,0.73,0.01,0.06,0.03,0.0,0
0.55,9.47,0.001,1.31,0.006,4.58,0.43,0.55,0.96,0.11,0.001,0.131,18.8,1.79,0.007,11.1,5.62,0.08,0.08,0.06,1
2.01,7.89,0.04,2.47,0.004,6.55,0.06,0.67,0.63,0.48,0.003,0.007,9.35,1.32,0.002,14.91,6.35,0.09,0.17,0.07,1
0.85,29.02,0.03,1.21,0.003,6.14,0.36,1.18,1.1,0.0,0.0,0.044,6.87,1.45,0.006,16.61,2.27,0.06,0.24,0.0,1
0.05,19.55,0.03,1.26,0.06,0.27,0.06,0.78,0.06,0.54,0.54,0.081,3.7,0.85,0.007,1.1,6.34,0.05,0.08,0.06,0
2.74,17.25,0.3,1.11,0.02,6.47,0.41,0.89,0.7,0.0,0.008,0.122,18.65,1.64,0.002,42.67,7.53,0.05,0.15,0.05,0
0.06,25.62,0.24,3.84,0.11,6.66,0.89,0.08,1.27,0.0,0.001,0.117,13.78,1.94,0.005,26.87,4.06,0.1,0.33,0.03,0
0.01,14.22,0.08,0.26,0.04,0.27,0.08,0.0,0.38,0.04,0.007,0.166,1.23,0.67,0.01,7.2,0.85,0.09,0.09,0.01,0
0.09,23.88,0.63,3.23,0.02,0.76,0.51,1.35,1.07,0.7,0.7,0.101,2.03,1.31,0.008,17.68,5.58,0.09,0.38,0.03,0
0.13,6.52,0.04,3.93,0.002,6.6,0.72,0.04,1.37,0.84,0.84,0.032,4.38,1.48,0.007,33.77,1.16,0.07,0.01,0.0,1
0.03,1.62,0.05,1.92,0.08,0.01,0.03,1.46,0.94,0.26,0.002,0.135,7.59,1.57,0.005,6.0,4.84,0.1,0.04,0.0,0
0.09,18.64,0.01,1.07,0.007,1.77,0.76,1.72,1.07,0.96,0.96,0.119,11.04,1.98,0.005,11.2,2.18,0.02,0.15,0.02,0
1.82,9.2,0.01,1.74,0.009,0.63,0.3,1.7,0.29,0.78,0.78,0.185,12.75,1.66,0.006,33.24,2.58,0.03,0.4,0.04,1
0.17,4.82,0.05,0.46,0.005,4.6,0.04,0.29,1.28,0.96,0.96,0.04,10.54,1.27,0.003,10.82,7.74,0.09,0.4,0.07,0
0.68,18.99,0.001,0.04,0.006,4.57,0.2,1.18,1.0,0.92,0.92,0.086,9.46,1.41,0.007,21.79,3.05,0.03,0.13,0.08,1
3.97,26.15,0.02,2.3,0.008,1.09,0.4,1.17,1.31,0.57,0.57,0.109,6.07,1.99,0.007,4.89,2.38,0.05,0.22,0.02,1
0.02,5.58,0.08,0.13,0.06,0.49,0.06,0.04,0.62,0.0,0.005,0.006,9.58,0.32,0.003,3.88,4.56,0.02,0.02,0.03,1
0.06,18.62,0.04,0.36,0.03,0.26,0.04,0.03,0.65,0.09,0.006,0.034,10.99,0.33,0.008,6.14,2.87,0.06,0.09,0.02,0
2.94,24.44,0.03,1.08,0.004,2.2,0.88,0.13,0.06,0.58,0.58,0.035,2.64,1.08,0.007,0.34,1.63,0.01,0.01,0.06,1
0.06,4.89,0.07,0.16,0.09,0.36,0.09,1.05,0.15,0.24,0.004,0.154,12.44,1.33,0.006,5.44,0.02,0.06,0.09,0.01,0
0.1,0.34,0.07,0.93,0.08,0.12,0.05,0.03,0.72,0.28,0.0,0.028,18.95,1.78,0.006,0.46,2.17,0.01,0.0,0.09,0
1.7,9.17,0.05,1.46,0.008,0.14,0.44,1.43,1.35,0.0,0.0,0.026,7.13,1.97,0.009,9.71,6.8,0.07,0.34,0.06,1
1.82,6.81,0.01,0.85,0.006,2.55,0.25,1.09,1.35,0.16,0.002,0.031,16.99,1.7,0.007,44.76,1.15,0.08,0.26,0.08,1
0.01,13.83,0.05,3.92,0.001,4.18,0.12,0.48,1.48,0.06,0.001,0.117,3.19,1.39,0.004,42.49,7.07,0.06,0.38,0.09,0
1.35,21.96,0.04,0.84,0.002,0.1,0.76,0.17,0.58,0.52,0.52,0.011,18.4,1.49,0.009,21.52,1.3,0.08,0.48,0.08,1
0.01,0.4,0.001,2.15,0.008,7.18,0.11,0.53,1.05,0.38,0.003,0.076,11.5,1.32,0.01,6.7,5.65,0.07,0.38,0.05,0
4.36,9.84,0.02,1.53,0.008,6.81,0.87,0.6,0.03,0.1,0.001,0.137,13.43,1.64,0.001,26.88,0.99,0.0,0.07,0.05,1
0.03,8.13,0.04,1.11,0.08,0.02,0.05,0.17,0.05,0.2,0.0,0.054,16.88,1.38,0.007,1.07,4.68,0.08,0.06,0.02,0
0.0,16.81,0.02,2.4,0.002,4.26,0.89,0.19,0.29,0.29,0.0,0.099,11.95,1.25,0.004,56.24,4.06,0.06,0.3,0.07,0
0.94,9.34,0.03,3.41,0.002,0.96,0.56,1.03,0.99,0.0,0.0,0.132,8.47,1.56,0.006,44.62,4.28,0.02,0.05,0.02,1
0.01,5.19,0.0,0.01,0.03,0.05,0.09,0.72,0.42,0.75,0.75,0.07,12.32,1.26,0.005,3.3,1.01,0.0,0.06,0.03,0
3.28,24.12,0.05,3.59,0.006,5.42,0.31,1.53,0.33,0.0,0.0,0.164,6.92,1.53,0.006,0.13,4.62,0.05,0.07,0.06,1
3.65,28.57,0.03,3.1,0.004,6.09,0.04,0.57,0.92,0.0,0.0,0.037,6.39,1.82,0.007,13.01,5.33,0.05,0.1,0.05,1
0.05,19.7,0.02,0.52,0.06,0.62,0.06,0.07,1.45,0.0,0.006,0.11,17.2,0.38,0.008,4.26,1.03,0.02,0.05,0.08,0
0.08,9.89,0.03,0.12,0.1,0.05,0.06,0.73,1.06,0.69,0.69,0.011,9.26,0.6,0.007,3.89,0.59,0.02,0.07,0.08,0
0.19,27.55,0.001,3.27,0.002,1.03,0.13,0.93,0.85,0.1,0.001,0.167,15.41,1.29,0.01,59.26,0.8,0.07,0.07,0.0,0
1.86,24.86,0.03,0.62,0.006,5.83,0.85,1.09,0.97,0.49,0.003,0.051,3.33,1.26,0.006,21.46,5.19,0.04,0.08,0.08,1
0.08,26.67,0.06,1.63,0.09,0.1,0.09,0.54,0.79,0.0,0.89,0.07,15.47,0.97,0.005,0.9,0.01,0.06,0.03,0.08,0
0.91,8.09,0.01,1.03,0.005,4.79,0.04,0.42,0.07,0.0,0.0,0.015,14.66,1.46,0.004,11.52,6.12,0.03,0.36,0.04,1
4.15,0.85,0.03,2.55,0.007,3.15,0.76,0.84,0.04,0.13,0.002,0.123,2.06,1.84,0.003,36.32,1.2,0.07,0.33,0.06,1
0.1,11.8,0.07,0.59,0.03,0.38,0.03,0.05,1.01,0.0,0.0,0.015,9.11,0.74,0.008,0.04,3.21,0.01,0.02,0.0,1
0.07,20.35,0.57,0.44,0.09,4.6,0.69,1.71,1.35,0.85,0.85,0.1,13.28,1.4,0.005,10.66,3.63,0.01,0.48,0.09,0
0.02,27.71,0.02,1.8,0.001,7.3,0.55,1.32,0.59,0.18,0.008,0.122,15.67,1.97,0.009,6.43,5.57,0.04,0.03,0.05,0
1.78,12.22,0.87,3.93,0.03,4.04,0.07,1.89,0.17,0.0,0.0,0.124,16.79,1.43,0.009,19.67,3.75,0.07,0.32,0.02,0
0.03,23.31,0.04,0.78,0.07,0.11,0.09,1.41,0.37,0.79,0.79,0.085,5.17,1.47,0.007,2.74,0.19,0.06,0.05,0.08,0
2.71,17.92,0.35,3.61,0.07,2.06,0.59,0.53,0.12,0.66,0.66,0.016,9.1,1.87,0.01,30.22,0.4,0.0,0.08,0.03,1
2.97,28.85,0.01,0.96,0.008,1.37,0.65,0.72,0.57,0.37,0.007,0.153,15.0,1.59,0.003,0.58,2.14,0.1,0.49,0.09,1
2.54,19.79,0.03,2.43,0.002,2.03,0.82,1.05,0.69,0.0,0.0,0.052,9.46,1.7,0.002,14.67,6.6,0.01,0.03,0.04,1
0.85,13.49,0.58,3.24,0.13,1.25,0.2,1.06,0.53,0.0,0.0,0.158,12.02,1.72,0.002,8.8,3.42,0.03,0.15,0.03,0
2.5,10.59,0.01,0.57,0.004,2.38,0.26,1.55,1.09,0.72,0.72,0.137,13.82,1.45,0.001,33.95,7.4,0.09,0.37,0.03,1
4.39,1.24,0.86,1.94,0.11,3.99,0.8,1.99,0.48,0.0,0.0,0.05,18.81,1.49,0.0,20.32,6.66,0.09,0.16,0.0,0
3.94,21.58,0.04,2.9,0.006,5.65,0.08,0.35,1.43,0.71,0.71,0.061,17.79,1.04,0.004,6.89,2.9,0.05,0.46,0.03,1
3.42,19.72,0.001,1.76,0.001,2.25,0.2,1.85,1.43,0.0,0.0,0.089,4.43,1.15,0.004,2.61,2.61,0.03,0.08,0.04,1
0.03,22.3,0.04,3.72,0.005,1.75,0.33,1.66,1.08,0.32,0.001,0.017,14.37,1.45,0.001,0.4,2.74,0.03,0.14,0.08,0
0.24,21.04,1.02,3.98,0.07,4.36,0.52,0.96,1.45,0.44,0.007,0.039,0.88,2.01,0.005,16.81,6.49,0.06,0.33,0.03,0
0.01,15.07,0.36,1.69,0.12,8.11,0.07,0.09,1.2,0.59,0.59,0.001,19.04,1.91,0.007,44.63,5.18,0.06,0.07,0.02,0
4.57,23.64,0.74,1.52,0.02,1.93,0.17,0.85,0.14,0.0,0.006,0.183,14.31,1.37,0.01,30.24,7.74,0.03,0.03,0.02,0
4.75,14.91,0.04,2.4,0.001,6.36,0.35,1.48,0.54,0.0,0.0,0.126,11.21,1.22,0.007,9.56,7.9,0.02,0.17,0.06,1
0.12,6.49,0.34,2.86,0.1,7.64,0.23,0.04,1.02,0.88,0.88,0.032,11.35,1.84,0.004,17.07,1.35,0.07,0.35,0.02,0
0.01,15.03,0.03,3.4,0.002,6.71,0.48,1.13,1.43,0.63,0.63,0.152,6.66,1.15,0.005,1.87,5.59,0.05,0.08,0.05,1
2.24,21.76,0.03,1.1,0.008,5.12,0.13,1.68,0.76,0.78,0.78,0.163,5.33,1.75,0.002,30.09,4.05,0.03,0.12,0.08,1
0.16,11.12,0.02,1.19,0.001,4.18,0.41,1.69,0.39,0.0,0.0,0.125,2.31,1.22,0.003,4.06,5.6,0.05,0.01,0.02,1
1.06,20.37,0.001,2.43,0.006,0.23,0.36,1.93,0.23,0.42,0.006,0.195,13.79,1.15,0.001,2.16,7.47,0.09,0.49,0.08,1
0.09,28.24,0.01,0.78,0.001,7.91,0.32,0.21,1.04,1.0,1.0,0.105,4.38,1.6,0.009,4.59,1.04,0.06,0.04,0.03,1
2.88,22.25,0.21,2.29,0.05,4.49,0.42,0.38,1.11,0.0,0.93,0.097,9.41,2.68,0.002,31.16,4.4,0.02,0.45,0.05,0
0.03,27.44,0.96,1.4,0.07,7.51,0.38,1.24,0.14,0.51,0.51,0.032,18.73,1.49,0.0,43.23,1.74,0.03,0.15,0.01,0
0.1,26.04,0.08,0.92,0.04,0.3,0.03,0.02,0.08,0.1,0.008,0.172,16.74,0.08,0.001,1.27,0.13,0.08,0.07,0.02,0
1.13,23.77,0.32,2.87,0.02,5.4,0.58,1.56,0.21,0.73,0.73,0.111,4.74,1.97,0.001,51.32,7.92,0.09,0.29,0.04,0
0.08,19.03,0.02,0.18,0.08,0.06,0.02,1.72,0.91,0.38,0.008,0.019,4.5,0.05,0.008,0.33,0.34,0.03,0.0,0.04,0
0.47,28.38,0.04,1.25,0.006,5.09,0.05,1.33,1.29,0.0,0.0,0.108,9.01,1.84,0.004,23.76,2.12,0.07,0.07,0.01,1
2.33,29.23,0.04,2.76,0.006,6.06,0.46,0.14,0.75,0.51,0.51,0.093,4.2,1.88,0.009,12.48,4.54,0.07,0.38,0.08,1
2.27,2.65,0.04,1.87,0.004,6.28,0.57,0.28,1.25,0.0,0.0,0.048,0.39,1.88,0.008,51.03,1.0,0.08,0.28,0.03,1
0.06,25.52,0.01,0.33,0.04,0.2,0.09,0.03,0.07,0.0,0.74,0.145,15.12,0.56,0.003,0.84,0.5,0.08,0.02,0.06,0
4.61,26.69,0.7,4.27,0.08,1.66,0.12,1.52,1.04,0.29,0.009,0.149,14.76,1.75,0.007,11.9,1.2,0.02,0.4,0.07,0
0.09,14.96,0.03,0.08,0.01,0.03,0.06,0.1,0.24,0.0,0.007,0.027,3.77,0.59,0.001,0.16,0.07,0.07,0.04,0.06,0
0.04,19.76,0.05,0.65,0.05,0.46,0.09,0.02,1.5,0.0,0.0,0.004,7.24,0.63,0.002,6.08,1.62,0.09,0.06,0.02,1
0.02,8.96,0.95,3.99,0.01,6.95,0.43,0.02,0.32,0.29,0.008,0.198,16.39,2.36,0.001,18.68,4.9,0.06,0.16,0.01,0
3.73,6.59,0.02,2.24,0.001,7.42,0.23,0.3,1.02,0.0,0.0,0.032,10.94,1.64,0.004,15.32,1.35,0.07,0.35,0.02,1
0.05,24.07,0.05,2.76,0.003,4.4,0.09,0.37,0.49,0.14,0.007,0.185,11.24,1.89,0.01,47.29,4.85,0.06,0.18,0.02,0
0.1,10.41,0.08,1.51,0.0,0.09,0.06,0.13,0.8,0.0,0.0,0.104,8.58,1.89,0.004,7.61,2.43,0.09,0.09,0.05,0
0.6,2.21,0.001,3.53,0.002,0.88,0.64,1.26,0.83,0.77,0.77,0.09,11.38,1.68,0.004,31.6,2.75,0.09,0.24,0.08,1
2.77,2.12,0.11,3.72,0.1,8.33,0.06,1.69,1.37,0.93,0.93,0.161,2.89,1.9,0.009,12.73,1.8,0.04,0.09,0.01,1
3.27,7.34,0.01,0.47,0.005,4.57,0.23,0.77,0.68,0.05,0.008,0.092,13.92,1.76,0.004,8.3,0.34,0.06,0.34,0.0,1
2.1,16.92,0.001,0.56,0.005,1.04,0.64,0.12,0.48,0.93,0.93,0.142,0.49,1.76,0.009,15.42,3.24,0.05,0.03,0.04,1
0.8,13.59,0.03,3.16,0.002,0.89,0.2,1.06,0.53,0.96,0.96,0.158,11.57,1.64,0.002,35.76,3.42,0.03,0.15,0.03,1
0.1,9.43,0.06,0.66,0.04,0.07,0.07,0.9,1.24,0.6,0.6,0.061,0.37,1.16,0.007,3.72,0.05,0.06,0.0,0.03,0
0.01,3.25,0.07,0.74,0.06,0.26,0.04,1.95,1.29,0.0,0.0,0.088,17.04,1.12,0.004,8.65,4.98,0.09,0.06,0.05,0
0.02,14.44,0.02,1.72,0.009,3.61,0.59,1.45,0.28,0.52,0.52,0.197,8.05,1.45,0.006,15.98,4.47,0.06,0.02,0.08,0
2.24,1.88,0.03,1.92,0.001,7.51,0.4,1.9,1.18,0.46,0.007,0.112,15.84,1.81,0.003,6.36,6.82,0.05,0.26,0.05,1
3.79,14.1,0.58,1.85,0.1,2.77,0.13,0.15,1.1,0.0,0.5,0.001,4.8,1.54,0.0,1.6,4.78,0.05,0.05,0.02,1
0.01,21.07,0.1,0.77,0.07,0.31,0.07,1.05,1.0,0.0,0.007,0.109,2.57,0.57,0.001,6.53,0.27,0.04,0.1,0.05,0
0.08,27.15,0.05,1.65,0.07,0.01,0.04,1.24,0.66,0.68,0.68,0.182,2.19,1.2,0.009,0.17,0.61,0.01,0.04,0.07,0
0.03,7.75,0.07,0.12,0.06,0.35,0.05,1.09,0.4,0.02,0.002,0.125,7.1,1.22,0.008,0.3,5.4,0.01,0.08,0.04,0
0.0,27.61,0.02,1.96,0.008,6.6,0.83,1.58,1.21,0.73,0.73,0.104,3.83,1.16,0.009,47.53,1.0,0.1,0.12,0.01,0
0.08,7.88,0.01,3.78,0.04,0.01,0.05,0.09,0.2,0.44,0.0,0.035,6.12,1.88,0.005,0.39,3.1,0.09,0.07,0.01,0
0.03,1.77,0.03,1.52,0.002,4.54,0.16,0.78,0.05,0.52,0.52,0.19,9.75,1.54,0.003,11.83,4.26,0.05,0.34,0.06,0
0.01,1.37,0.04,0.87,0.0,0.28,0.09,1.77,0.78,0.22,0.005,0.053,0.48,1.65,0.006,1.63,1.46,0.01,0.09,0.05,0
0.52,28.28,0.66,1.46,0.04,5.36,0.05,1.33,1.29,0.43,0.006,0.108,9.25,2.01,0.004,29.05,2.12,0.07,0.07,0.01,1
0.09,21.12,0.04,0.61,0.005,1.99,0.25,0.83,1.09,0.34,0.005,0.084,5.88,1.46,0.001,27.44,4.6,0.06,0.04,0.01,1
0.76,5.77,0.03,1.21,0.001,5.33,0.57,0.58,0.62,0.0,0.0,0.006,9.58,1.25,0.003,36.9,7.5,0.02,0.09,0.03,1
3.62,16.22,0.02,1.21,0.009,4.33,0.71,0.08,1.44,0.34,0.004,0.172,0.88,1.9,0.01,29.35,6.66,0.05,0.45,0.08,1
2.65,14.39,0.001,2.26,0.007,4.08,0.82,0.81,1.27,0.53,0.53,0.057,17.18,1.35,0.005,9.72,0.23,0.07,0.42,0.01,1
0.09,6.85,0.0,0.61,0.03,0.05,0.05,0.02,0.91,0.0,0.0,0.182,15.92,1.0,0.0,1.35,4.84,0.0,0.04,0.05,1
3.84,2.09,0.01,3.89,0.004,1.48,0.18,0.66,0.88,0.68,0.68,0.113,17.85,1.99,0.002,13.46,5.33,0.01,0.38,0.05,1
4.91,20.65,0.02,2.69,0.001,2.45,0.19,0.17,0.59,0.07,0.008,0.159,18.25,1.51,0.008,17.53,6.49,0.01,0.31,0.09,1
0.01,6.12,0.1,0.15,0.07,0.21,0.08,1.95,1.48,0.34,0.004,0.183,3.84,1.67,0.005,2.77,6.45,0.06,0.03,0.08,0
0.01,21.48,0.06,0.3,0.06,0.1,0.08,0.1,1.11,0.0,0.93,0.097,9.22,0.81,0.002,10.07,0.54,0.02,0.08,0.05,0
4.32,5.29,0.28,3.14,0.02,6.67,0.21,1.54,0.82,0.01,0.007,0.145,7.15,1.72,0.003,36.96,5.87,0.02,0.21,0.07,0
0.06,7.61,0.04,1.52,0.06,0.18,0.02,0.02,0.74,0.05,0.003,0.075,4.26,0.12,0.003,2.55,6.94,0.05,0.04,0.0,0
0.07,2.7,0.04,0.6,0.02,0.27,0.08,0.09,0.64,0.0,0.007,0.132,4.17,0.95,0.004,0.09,3.05,0.06,0.04,0.04,1
1.98,1.5,0.001,3.69,0.005,3.62,0.79,1.37,0.62,0.92,0.92,0.112,8.13,1.6,0.007,47.78,4.38,0.05,0.29,0.05,1
0.1,14.2,0.12,2.64,0.06,8.47,0.28,1.86,0.45,0.36,0.003,0.185,1.72,1.58,0.003,46.44,7.29,0.07,0.02,0.01,0
0.06,0.18,0.03,0.74,0.04,0.15,0.07,0.02,0.92,0.0,0.004,0.184,10.27,0.59,0.007,5.7,0.7,0.04,0.03,0.08,0
0.07,13.64,0.81,1.91,0.07,0.4,0.51,1.5,0.69,0.82,0.82,0.053,1.49,1.31,0.005,46.69,6.98,0.05,0.15,0.07,0
0.07,27.91,0.03,0.11,0.04,0.04,0.06,0.03,1.03,0.0,0.007,0.142,1.69,1.0,0.002,0.08,0.76,0.09,0.03,0.02,1
0.62,28.89,0.03,2.45,0.003,7.12,0.06,0.66,0.03,0.62,0.62,0.024,1.42,1.57,0.01,2.63,5.82,0.02,0.17,0.03,1
4.84,17.86,0.001,0.79,0.005,4.81,0.67,1.67,0.02,0.1,0.007,0.028,14.08,1.72,0.009,25.89,6.21,0.06,0.21,0.03,1
0.07,17.2,0.05,0.65,0.04,0.07,0.07,1.64,1.43,0.16,0.009,0.075,14.45,0.45,0.002,1.2,0.93,0.0,0.04,0.02,0
0.05,21.4,0.09,0.73,0.08,0.44,0.06,1.68,0.76,0.78,0.78,0.163,5.33,1.75,0.002,5.61,3.29,0.03,0.02,0.08,0
4.62,22.86,0.23,1.16,0.07,3.08,0.65,0.16,0.49,0.97,0.97,0.163,18.31,1.24,0.002,19.94,1.27,0.01,0.15,0.06,0
1.06,0.43,0.001,2.43,0.007,4.05,0.32,1.21,0.32,0.0,0.0,0.021,1.41,1.09,0.002,46.81,2.31,0.0,0.03,0.02,1
2.99,21.68,0.03,3.04,0.007,0.67,0.72,0.55,0.19,0.72,0.72,0.089,0.16,1.12,0.004,34.97,6.83,0.01,0.25,0.03,1
0.09,23.13,0.03,0.79,0.05,0.08,0.04,1.16,1.32,0.1,0.005,0.188,11.23,1.08,0.006,7.51,1.98,0.0,0.07,0.07,0
0.67,6.22,0.03,1.63,0.004,5.54,0.32,0.47,0.9,0.0,0.0,0.037,3.67,1.47,0.001,12.85,6.24,0.09,0.47,0.05,1
0.04,5.62,0.03,0.58,0.08,0.01,0.01,0.07,0.25,0.04,0.003,0.135,2.4,0.47,0.01,7.45,0.1,0.09,0.07,0.02,1
4.91,17.32,0.02,0.92,0.007,4.43,0.29,1.64,1.43,0.0,0.0,0.075,13.81,1.03,0.002,11.36,3.34,0.0,0.07,0.02,1
0.29,5.43,0.04,2.34,0.002,4.13,0.7,1.51,0.89,0.55,0.55,0.164,8.49,1.49,0.001,37.15,0.25,0.08,0.01,0.09,0
0.04,19.77,0.08,0.36,0.04,0.45,0.01,0.78,1.5,0.0,0.0,0.004,7.38,0.14,0.002,3.13,3.51,0.09,0.09,0.02,1
2.69,0.97,0.04,0.36,0.001,0.81,0.05,0.8,0.36,0.64,0.64,0.087,6.88,1.07,0.01,0.33,2.58,0.03,0.06,0.08,1
0.14,25.93,0.04,3.16,0.007,5.61,0.2,1.58,0.15,0.72,0.72,0.013,8.83,1.22,0.008,8.7,3.22,0.06,0.07,0.09,0
0.06,28.13,0.09,0.73,0.11,0.71,0.36,0.06,1.03,0.44,0.007,0.142,2.15,1.68,0.002,17.06,1.15,0.09,0.42,0.02,0
1.19,25.95,0.01,0.75,0.008,0.13,0.18,1.44,0.3,0.18,0.004,0.162,2.31,1.36,0.008,38.31,5.41,0.01,0.32,0.0,1
1.9,28.85,0.04,3.4,0.005,5.23,0.22,0.51,0.07,0.12,0.006,0.075,7.47,1.36,0.001,13.86,3.74,0.06,0.27,0.01,1
2.14,18.1,0.01,0.12,0.007,5.23,0.3,1.95,0.99,0.05,0.009,0.156,18.78,1.27,0.006,6.97,7.6,0.01,0.12,0.02,1
0.0,25.93,0.03,0.82,0.08,0.08,0.03,0.07,0.3,0.0,0.004,0.162,2.31,0.31,0.008,0.24,0.81,0.01,0.08,0.0,0
0.03,18.72,0.76,1.66,0.11,3.44,0.3,1.09,1.35,0.38,0.006,0.13,18.43,1.46,0.01,49.3,6.33,0.05,0.06,0.07,0
0.87,6.54,0.04,1.91,0.003,3.71,0.12,1.22,1.49,0.99,0.99,0.03,1.58,1.01,0.002,36.59,7.15,0.0,0.44,0.03,1
0.14,19.89,0.03,0.75,0.001,5.33,0.44,1.75,0.3,0.56,0.56,0.166,9.67,1.55,0.006,58.18,7.55,0.06,0.1,0.02,0
0.33,25.32,0.03,1.03,0.005,2.46,0.24,0.31,1.1,0.06,0.005,0.072,3.36,1.74,0.008,4.51,7.32,0.02,0.12,0.09,1
1.76,8.01,0.42,1.57,0.08,3.37,0.77,1.56,1.47,0.97,0.97,0.166,13.08,1.34,0.005,17.23,3.54,0.05,0.5,0.01,0
0.04,14.93,0.07,1.38,0.02,0.08,0.05,1.59,1.04,0.08,0.007,0.141,6.71,1.45,0.006,0.91,0.36,0.05,0.09,0.08,0
3.01,23.09,0.17,1.04,0.1,4.04,0.16,1.34,0.36,0.0,0.84,0.07,8.5,1.13,0.007,30.16,4.78,0.09,0.09,0.05,0
0.39,28.28,0.44,1.74,0.12,5.14,0.05,0.03,1.29,0.43,0.006,0.108,9.9,1.86,0.004,29.06,2.12,0.07,0.07,0.01,1
1.79,5.14,0.04,0.02,0.001,0.26,0.7,1.32,0.76,0.23,0.004,0.128,14.66,1.42,0.002,10.01,5.87,0.05,0.3,0.02,1
0.01,15.62,0.16,3.95,0.02,3.19,0.07,0.06,0.08,0.61,0.61,0.123,3.41,2.08,0.0,47.08,0.32,0.03,0.06,0.01,1
0.06,20.67,0.59,3.49,0.12,4.21,0.71,0.06,0.63,0.45,0.006,0.142,7.25,1.68,0.007,46.78,1.77,0.06,0.03,0.01,1
0.03,2.45,0.03,0.04,0.06,0.25,0.09,0.09,0.46,0.0,0.004,0.105,8.84,0.9,0.005,11.23,0.6,0.09,0.03,0.08,1
0.05,1.18,0.02,1.72,0.04,0.1,0.08,0.08,0.91,0.0,0.7,0.041,13.57,0.33,0.005,5.0,0.15,0.02,0.0,0.07,0
2.63,6.23,0.04,3.11,0.005,5.42,0.65,1.06,1.18,0.56,0.56,0.115,15.99,1.88,0.003,9.66,7.56,0.01,0.41,0.06,1
0.09,18.1,0.02,0.64,0.06,0.02,0.05,0.46,1.43,0.43,0.003,0.08,17.54,1.47,0.005,6.87,0.83,0.02,0.03,0.06,0
2.0,19.09,0.12,1.36,0.01,3.15,0.87,1.48,0.45,0.59,0.59,0.053,4.5,2.04,0.005,41.47,7.63,0.08,0.49,0.04,0
0.02,20.77,0.02,3.23,0.004,4.0,0.71,1.56,0.63,0.45,0.006,0.142,6.29,1.62,0.007,46.27,1.77,0.06,0.03,0.01,1
2.06,12.22,0.04,1.81,0.001,2.16,0.55,0.56,1.29,0.64,0.64,0.18,3.01,1.2,0.008,53.73,0.3,0.09,0.01,0.09,0
2.9,1.66,0.05,2.79,0.005,3.69,0.37,1.39,1.19,0.39,0.001,0.194,0.6,1.4,0.009,53.46,7.6,0.08,0.48,0.02,1
1.68,15.65,0.7,3.25,0.03,4.35,0.74,1.35,1.24,0.0,0.0,0.193,18.08,1.74,0.001,43.13,1.71,0.09,0.44,0.05,0
4.46,28.6,0.7,1.56,0.05,6.36,0.03,1.93,0.43,0.73,0.73,0.18,10.97,1.77,0.009,8.05,3.63,0.02,0.12,0.01,0
4.65,18.55,0.01,3.59,0.008,5.35,0.13,1.04,0.09,0.83,0.83,0.151,17.52,1.69,0.006,7.6,3.29,0.07,0.35,0.05,1
0.92,27.37,0.02,3.3,0.005,6.07,0.67,0.65,0.96,0.84,0.84,0.188,16.8,1.54,0.001,10.5,2.57,0.04,0.21,0.02,1
0.14,29.0,0.41,2.64,0.12,3.65,0.86,0.08,1.39,0.09,0.005,0.001,16.6,1.28,0.0,31.73,3.6,0.04,0.12,0.05,0
0.08,3.32,0.88,3.68,0.01,5.9,0.12,0.08,0.33,0.6,0.6,0.16,6.24,1.46,0.003,58.16,4.33,0.02,0.39,0.07,0
3.54,4.22,0.05,0.63,0.006,4.43,0.5,1.58,0.13,0.97,0.97,0.17,11.6,1.07,0.006,9.82,0.83,0.06,0.23,0.08,1
0.01,26.69,1.0,4.33,0.11,1.42,0.12,0.06,1.04,0.29,0.009,0.001,15.52,1.71,0.007,11.89,1.2,0.02,0.4,0.07,0
0.01,14.2,0.001,1.6,0.005,2.71,0.13,0.15,1.1,0.5,0.5,0.194,4.53,1.49,0.0,13.59,4.78,0.05,0.05,0.02,1
2.22,28.82,0.73,1.57,0.06,6.66,0.35,1.02,1.24,0.0,0.001,0.197,10.95,1.79,0.002,36.53,7.37,0.08,0.36,0.09,0
0.01,24.68,0.06,0.46,0.01,0.2,0.04,0.03,0.97,0.0,0.003,0.051,3.33,0.83,0.006,0.04,0.98,0.04,0.03,0.08,1
0.09,0.36,0.0,1.66,0.01,0.08,0.03,0.06,0.36,0.28,0.004,0.02,3.79,2.0,0.006,5.67,1.45,0.05,0.03,0.06,0
0.06,0.13,0.03,1.36,0.003,2.38,0.01,0.93,1.44,0.53,0.53,0.199,12.84,1.25,0.01,47.83,2.74,0.03,0.24,0.05,0
2.82,23.76,0.03,0.76,0.007,2.91,0.51,1.38,1.26,0.48,0.007,0.152,3.95,1.52,0.01,30.36,0.53,0.06,0.09,0.06,1
0.06,2.05,0.05,2.76,0.008,0.83,0.54,0.28,0.93,0.0,0.0,0.175,17.17,1.58,0.003,46.0,4.85,0.01,0.27,0.02,1
0.08,23.49,0.1,1.19,0.06,0.35,0.05,0.02,0.63,0.0,0.007,0.112,9.87,0.71,0.001,0.42,1.58,0.03,0.03,0.05,1
0.09,22.26,0.7,3.92,0.09,6.13,0.71,0.53,0.95,0.19,0.004,0.011,12.37,1.41,0.006,31.38,3.57,0.03,0.01,0.05,0
1.34,14.78,0.03,0.96,0.009,7.78,0.88,0.0,0.38,0.0,0.0,0.166,0.34,1.35,0.01,14.42,2.6,0.09,0.44,0.01,1
2.21,18.61,0.03,1.47,0.007,4.1,0.11,1.8,1.39,0.31,0.005,0.175,17.85,1.96,0.002,28.03,0.15,0.05,0.33,0.08,1
1.65,9.08,0.04,2.85,0.007,0.35,0.83,0.17,0.05,0.2,0.0,0.054,16.08,1.13,0.007,37.75,6.78,0.08,0.34,0.02,1
0.06,5.58,0.09,0.86,0.01,0.01,0.04,0.04,1.34,0.0,0.003,0.095,1.9,0.17,0.001,0.84,1.42,0.01,0.02,0.07,1
0.0,22.71,0.08,0.09,0.03,0.01,0.06,0.04,0.62,0.0,0.006,0.137,14.86,0.37,0.004,1.3,0.04,0.01,0.02,0.05,0
2.77,25.89,0.62,3.35,0.06,3.48,0.63,1.26,0.34,0.94,0.94,0.093,7.97,1.8,0.007,55.98,5.12,0.05,0.12,0.04,0
0.1,15.9,0.04,0.88,0.01,0.05,0.03,1.46,0.93,0.83,0.83,0.166,8.14,1.77,0.007,0.18,0.62,0.08,0.09,0.02,0
0.17,17.35,0.04,0.72,0.002,6.24,0.41,0.89,0.7,0.07,0.008,0.122,18.06,1.52,0.002,37.72,7.53,0.05,0.15,0.05,0
3.97,7.47,0.001,2.26,0.001,3.41,0.43,1.22,0.33,0.23,0.001,0.151,1.67,1.8,0.0,53.36,2.61,0.1,0.38,0.02,1
0.07,20.8,0.05,0.24,0.08,0.01,0.07,1.2,1.31,0.0,0.0,0.027,19.27,1.58,0.002,6.77,4.2,0.04,0.02,0.08,0
0.03,14.09,0.01,0.96,0.06,0.17,0.04,0.63,0.7,0.08,0.001,0.144,8.95,1.2,0.005,7.23,4.47,0.06,0.06,0.02,0
0.02,16.29,0.01,0.89,0.05,0.08,0.04,0.05,0.11,0.0,0.71,0.09,1.24,0.03,0.004,0.36,1.13,0.06,0.05,0.03,0
2.82,10.11,0.03,0.3,0.001,4.08,0.03,0.9,1.24,0.0,0.0,0.061,0.37,1.16,0.007,43.79,0.56,0.06,0.21,0.03,1
0.01,25.54,0.05,0.34,0.008,1.84,0.32,1.1,0.22,0.21,0.005,0.192,17.93,1.38,0.009,17.62,2.08,0.06,0.11,0.05,0
0.08,7.64,0.74,4.51,0.05,4.6,0.85,0.77,0.81,0.2,0.007,0.148,7.04,1.92,0.008,53.03,1.92,0.03,0.45,0.02,0
4.32,10.15,0.04,1.98,0.001,7.97,0.32,1.98,0.66,0.06,0.008,0.101,7.22,1.69,0.009,5.2,5.63,0.04,0.12,0.01,1
0.19,15.51,1.01,2.39,0.13,2.85,0.34,0.98,0.23,0.93,0.93,0.164,5.58,1.72,0.007,23.92,3.73,0.06,0.28,0.05,0
0.05,0.37,0.1,0.07,0.03,0.45,0.01,0.03,1.05,0.0,0.003,0.076,11.5,0.6,0.01,0.77,2.72,0.07,0.09,0.05,0
0.02,6.16,0.05,0.2,0.1,0.13,0.01,0.86,1.31,0.15,0.009,0.046,4.27,1.37,0.008,4.36,3.68,0.02,0.01,0.0,0
2.63,19.11,0.02,1.74,0.007,1.89,0.69,0.87,0.69,0.55,0.55,0.153,5.91,1.31,0.007,39.05,4.15,0.01,0.38,0.08,1
0.83,7.7,0.05,0.57,0.001,6.98,0.05,0.87,1.39,0.35,0.001,0.02,10.63,1.77,0.003,29.81,6.98,0.08,0.24,0.07,1
1.02,23.9,0.72,2.9,0.11,2.32,0.1,1.76,0.74,0.0,0.002,0.048,11.61,2.04,0.004,15.87,0.1,0.07,0.09,0.01,1
4.13,27.2,0.01,2.35,0.001,6.7,0.62,1.14,0.92,0.02,0.006,0.019,13.76,1.77,0.009,54.14,5.12,0.07,0.42,0.04,0
3.75,17.69,0.04,1.87,0.006,1.12,0.38,0.22,1.09,0.57,0.57,0.101,10.34,1.04,0.001,5.73,1.08,0.04,0.03,0.01,1
4.33,25.49,0.001,1.74,0.002,2.46,0.34,0.71,0.91,0.0,0.0,0.182,15.37,1.9,0.006,5.61,4.84,0.08,0.05,0.05,1
0.08,12.69,0.06,0.38,0.07,0.08,0.04,1.13,1.43,0.0,0.0,0.152,7.63,1.46,0.005,3.43,0.68,0.05,0.03,0.05,0
2.83,13.74,0.84,2.01,0.1,6.53,0.45,0.56,0.8,0.0,0.001,0.186,3.25,1.37,0.0,51.46,7.36,0.08,0.09,0.08,0
0.01,11.19,0.02,0.89,0.05,0.19,0.04,0.01,0.63,0.0,0.0,0.132,11.44,1.98,0.009,11.96,6.68,0.1,0.01,0.05,0
0.03,28.72,0.6,1.42,0.07,6.78,0.41,0.13,0.82,0.48,0.008,0.088,16.69,1.99,0.0,29.57,2.48,0.05,0.1,0.02,1
3.09,22.19,0.28,2.69,0.02,2.58,0.46,0.24,0.66,0.0,0.0,0.17,16.22,1.64,0.006,4.39,0.68,0.02,0.09,0.02,1
0.05,11.71,0.08,0.17,0.06,0.06,0.05,1.27,1.15,0.97,0.97,0.015,13.11,1.33,0.007,0.18,0.44,0.01,0.03,0.07,0
0.04,23.36,0.02,1.5,0.04,0.16,0.06,0.06,0.18,0.0,0.81,0.041,15.78,0.06,0.01,0.44,0.05,0.0,0.06,0.07,0
0.06,13.89,0.01,1.5,0.05,0.04,0.0,0.02,0.37,0.0,0.001,0.033,9.55,0.46,0.005,0.03,0.27,0.05,0.07,0.06,0
4.39,5.04,0.01,3.41,0.008,4.39,0.19,0.67,0.75,0.0,0.0,0.034,4.54,1.58,0.008,7.82,1.84,0.07,0.14,0.07,1
0.03,9.43,0.04,3.3,0.004,7.49,0.48,1.85,0.88,0.0,0.0,0.072,2.78,1.18,0.009,15.5,4.59,0.1,0.39,0.06,1
0.9,10.28,0.12,0.65,0.09,7.89,0.89,0.52,0.32,0.0,0.0,0.11,3.94,1.97,0.0,48.31,4.15,0.01,0.1,0.02,1
0.09,22.05,0.02,0.89,0.01,0.02,0.03,0.0,0.48,0.0,0.62,0.147,17.79,0.68,0.004,7.4,0.52,0.1,0.09,0.02,0
0.06,25.82,0.02,0.97,0.05,0.08,0.02,0.07,0.92,0.0,0.7,0.018,0.35,0.4,0.008,0.23,0.05,0.03,0.06,0.01,0
0.98,20.67,0.21,3.73,0.01,4.17,0.71,1.56,0.63,0.45,0.006,0.142,7.12,1.81,0.007,46.58,1.77,0.06,0.03,0.01,1
1.34,12.27,0.02,1.37,0.004,4.13,0.1,1.73,0.8,0.0,0.0,0.174,16.88,1.45,0.006,28.73,6.87,0.05,0.13,0.07,1
0.08,14.84,0.38,2.64,0.09,1.64,0.02,0.39,0.33,0.83,0.83,0.079,15.19,1.62,0.004,56.22,4.18,0.08,0.18,0.08,0
2.58,12.63,0.02,2.93,0.007,0.65,0.18,0.38,0.27,0.0,0.0,0.131,12.32,1.77,0.001,30.95,6.15,0.02,0.42,0.05,1
1.12,8.38,0.01,2.2,0.001,7.38,0.3,1.71,0.03,0.6,0.6,0.193,10.52,1.25,0.003,34.99,1.75,0.01,0.04,0.04,1
0.93,7.74,0.01,3.88,0.001,3.66,0.85,0.77,0.81,0.2,0.007,0.148,6.19,1.75,0.008,14.24,1.92,0.03,0.45,0.02,1
0.03,23.9,0.79,3.41,0.02,2.23,0.1,0.06,0.74,0.32,0.002,0.001,11.41,1.99,0.004,16.05,0.1,0.07,0.09,0.01,1
0.01,20.68,0.01,0.8,0.07,0.1,0.1,0.07,0.1,0.0,0.84,0.139,15.88,0.44,0.001,5.39,3.22,0.08,0.07,0.07,0
0.03,16.07,0.05,0.34,0.04,0.05,0.02,1.37,1.46,0.0,0.59,0.141,19.07,1.61,0.01,1.44,5.41,0.02,0.04,0.08,0
1.9,26.84,0.94,2.85,0.12,7.75,0.78,0.36,0.03,0.23,0.004,0.055,6.1,2.0,0.0,0.37,7.97,0.09,0.21,0.05,0
0.06,21.74,0.46,3.7,0.03,6.25,0.23,0.76,1.16,0.79,0.79,0.049,17.59,1.46,0.006,8.68,4.29,0.07,0.08,0.0,1
2.72,18.69,0.05,1.01,0.02,3.16,0.31,1.21,1.21,0.0,0.0,0.105,9.0,2.36,0.003,54.41,6.11,0.04,0.34,0.05,0
0.03,23.0,0.01,1.18,0.007,6.15,0.22,1.82,0.02,0.22,0.008,0.017,13.82,1.73,0.001,21.54,0.74,0.0,0.35,0.06,0
0.02,20.11,0.06,1.82,0.02,0.07,0.09,0.79,0.59,0.49,0.007,0.024,3.34,1.67,0.002,0.61,4.63,0.06,0.06,0.09,0
2.55,20.81,0.04,2.8,0.004,7.7,0.82,0.44,1.2,0.77,0.77,0.112,10.09,1.34,0.001,11.0,1.53,0.01,0.27,0.06,1
0.02,0.38,0.04,1.08,0.03,0.08,0.09,0.39,0.76,0.15,0.004,0.082,15.79,1.6,0.01,0.39,0.26,0.02,0.1,0.01,0
2.05,1.57,0.03,2.06,0.005,4.74,0.14,0.49,1.39,0.75,0.75,0.064,5.43,1.53,0.009,21.35,6.31,0.09,0.23,0.06,1
0.07,24.83,0.02,1.76,0.06,0.16,0.0,0.01,0.36,0.0,0.007,0.114,7.65,0.52,0.001,10.15,3.16,0.02,0.06,0.0,0
0.1,10.95,0.08,1.11,0.02,0.28,0.01,1.35,1.33,0.21,0.007,0.151,10.29,1.67,0.009,10.36,4.18,0.08,0.05,0.01,0
0.93,20.28,0.05,3.52,0.002,5.34,0.88,1.89,1.05,0.83,0.83,0.184,1.25,1.52,0.001,28.71,0.9,0.07,0.04,0.07,1
4.24,20.25,0.75,1.53,0.09,3.3,0.52,1.68,1.4,0.16,0.005,0.164,11.01,1.72,0.005,33.77,4.21,0.09,0.17,0.06,0
0.01,11.97,0.04,0.13,0.07,0.16,0.0,0.34,0.14,0.06,0.004,0.086,14.33,1.07,0.0,1.41,0.92,0.01,0.07,0.06,0
0.92,9.34,0.04,1.39,0.004,7.59,0.19,1.22,1.06,0.27,0.008,0.103,3.7,1.42,0.007,20.28,4.35,0.01,0.41,0.07,1
4.33,29.04,0.02,1.63,0.007,3.3,0.87,0.95,0.43,0.0,0.0,0.07,3.72,1.36,0.003,27.63,4.67,0.07,0.27,0.06,0
0.09,23.64,0.05,0.48,0.06,0.03,0.08,0.07,0.75,0.0,0.82,0.197,11.71,0.51,0.006,5.04,2.01,0.08,0.07,0.01,0
0.01,16.78,0.78,0.93,0.13,5.18,0.74,0.02,0.19,0.76,0.76,0.001,4.69,1.34,0.008,3.56,3.65,0.03,0.38,0.08,0
0.08,18.27,0.06,0.77,0.01,0.08,0.06,0.02,0.26,0.0,0.0,0.105,4.89,1.93,0.006,1.5,7.42,0.01,0.08,0.04,0
0.84,2.8,0.03,1.89,0.003,4.62,0.72,0.06,0.04,0.08,0.005,0.078,10.58,1.91,0.001,40.52,2.41,0.08,0.04,0.04,1
0.08,16.99,0.09,1.78,0.04,0.17,0.04,0.07,0.76,0.49,0.003,0.109,17.16,1.0,0.01,2.04,1.58,0.09,0.05,0.03,0
0.36,2.2,0.02,2.28,0.003,6.52,0.32,1.46,0.94,0.26,0.002,0.135,7.59,1.57,0.005,47.92,5.92,0.1,0.11,0.0,1
4.49,3.08,0.01,3.28,0.002,7.43,0.29,1.67,0.47,0.54,0.54,0.141,4.94,1.64,0.006,45.28,0.8,0.04,0.4,0.03,1
0.02,8.02,0.31,1.12,0.11,3.67,0.65,1.51,1.46,0.58,0.58,0.061,9.44,1.52,0.004,34.89,1.74,0.03,0.01,0.06,0
0.04,20.68,0.02,0.67,0.03,0.04,0.04,1.29,0.13,0.43,0.008,0.169,9.33,1.86,0.006,6.15,3.71,0.08,0.01,0.01,0
0.18,14.03,0.67,4.23,0.01,0.88,0.48,0.18,0.74,0.19,0.005,0.112,18.59,1.7,0.008,39.78,4.51,0.06,0.05,0.02,1
1.55,0.03,0.01,1.19,0.006,0.21,0.85,0.58,0.34,0.53,0.53,0.183,4.25,1.21,0.007,25.24,6.53,0.07,0.27,0.05,1
0.04,20.86,0.04,0.86,0.03,0.12,0.06,1.06,0.1,0.0,0.84,0.139,16.76,0.48,0.001,0.1,2.37,0.08,0.09,0.07,0
0.03,16.08,0.08,0.38,0.06,0.15,0.09,0.04,0.47,0.0,0.009,0.087,0.26,0.3,0.006,2.43,1.31,0.02,0.01,0.06,1
0.08,20.47,0.08,0.3,0.06,0.14,0.09,0.02,1.4,0.0,0.55,0.073,16.37,0.68,0.006,0.15,0.7,0.04,0.1,0.04,0
0.08,17.91,0.03,1.49,0.02,0.07,0.05,0.79,0.54,0.0,0.009,0.126,17.95,0.39,0.009,1.86,2.14,0.1,0.09,0.02,0
0.02,17.78,0.05,1.19,0.05,0.07,0.08,1.98,0.28,0.89,0.89,0.11,10.19,0.49,0.007,1.6,0.36,0.02,0.0,0.03,0
0.09,15.72,0.02,3.28,0.001,3.16,0.07,0.67,0.08,0.61,0.61,0.123,3.28,1.72,0.0,5.54,0.32,0.03,0.06,0.01,1
0.13,28.79,1.03,2.92,0.05,7.83,0.06,0.66,0.03,0.62,0.62,0.024,2.4,1.57,0.01,7.7,5.82,0.02,0.17,0.03,0
0.19,5.1,0.02,1.79,0.001,7.43,0.05,0.15,1.19,0.61,0.61,0.164,16.9,1.16,0.001,38.2,0.53,0.0,0.06,0.01,1
4.71,23.41,0.02,1.63,0.003,6.75,0.43,1.83,1.03,0.48,0.009,0.137,10.15,1.68,0.002,19.6,1.08,0.06,0.27,0.02,1
0.04,6.85,0.01,0.7,0.03,0.05,0.01,0.03,1.0,0.0,0.0,0.182,15.92,1.0,0.0,1.35,4.84,0.0,0.04,0.05,1
2.47,29.2,0.04,1.28,0.002,2.52,0.45,1.54,1.14,0.68,0.68,0.136,8.21,1.2,0.008,22.35,3.8,0.04,0.11,0.02,1
2.74,14.81,0.02,3.84,0.005,7.97,0.25,0.65,0.73,0.53,0.53,0.132,4.13,1.14,0.007,33.97,2.2,0.05,0.05,0.05,1
2.53,3.8,0.72,3.48,0.03,8.66,0.29,0.29,0.57,0.64,0.64,0.154,17.15,2.04,0.002,14.03,0.79,0.04,0.03,0.0,1
1.65,4.36,0.02,0.41,0.007,7.78,0.61,1.95,1.29,0.05,0.002,0.088,16.67,1.11,0.004,23.26,6.74,0.09,0.06,0.05,1
0.17,1.93,0.09,3.45,0.06,4.97,0.28,1.66,0.79,0.73,0.73,0.059,4.96,1.51,0.006,10.82,4.05,0.06,0.24,0.05,0
0.09,17.87,0.01,0.4,0.05,0.0,0.06,0.08,1.21,0.0,0.83,0.105,8.23,0.51,0.003,5.76,5.58,0.04,0.03,0.05,0
0.17,23.21,0.03,2.75,0.002,1.53,0.18,1.4,0.54,0.01,0.0,0.041,12.19,1.12,0.008,24.65,5.49,0.03,0.09,0.06,0
0.05,23.19,0.03,3.74,0.007,7.57,0.15,0.96,1.41,0.99,0.99,0.13,11.43,1.33,0.001,37.78,4.74,0.01,0.03,0.03,1
0.1,28.38,0.01,0.25,0.09,0.14,0.02,0.13,0.82,0.0,0.008,0.088,16.26,1.02,0.0,3.27,1.61,0.05,0.1,0.02,0
0.58,29.19,0.02,1.71,0.007,1.13,0.53,1.34,0.03,0.98,0.98,0.068,10.9,1.45,0.005,2.75,3.81,0.05,0.18,0.02,1
1.09,17.55,0.04,0.69,0.003,1.27,0.38,0.41,0.72,0.25,0.007,0.02,0.29,1.38,0.01,33.17,2.97,0.06,0.1,0.02,1
0.0,29.39,0.09,3.19,0.02,0.09,0.01,0.07,0.44,0.0,0.001,0.022,14.61,1.0,0.007,1.07,0.19,0.03,0.08,0.06,0
0.01,3.6,0.03,1.42,0.06,0.18,0.09,1.51,0.89,0.55,0.55,0.164,9.42,1.6,0.001,0.52,0.05,0.08,0.06,0.09,0
0.06,5.74,0.08,0.31,0.03,0.44,0.1,0.08,0.9,0.0,0.007,0.037,3.67,0.83,0.001,1.19,0.45,0.09,0.08,0.05,1
4.41,9.74,0.87,2.09,0.06,7.12,0.87,0.6,0.03,0.0,0.001,0.137,14.13,1.66,0.001,52.31,0.99,0.0,0.07,0.05,0
0.24,27.45,0.49,3.78,0.1,2.03,0.13,0.93,0.85,0.0,0.001,0.167,16.03,1.67,0.01,15.98,0.8,0.07,0.07,0.0,1
1.92,14.94,0.03,1.69,0.001,1.19,0.02,0.39,0.33,0.83,0.83,0.079,15.17,1.58,0.004,26.22,4.18,0.08,0.18,0.08,1
0.23,23.16,0.001,3.5,0.002,0.68,0.47,0.54,1.33,0.05,0.001,0.166,11.59,1.2,0.006,28.03,0.92,0.07,0.03,0.08,1
0.18,11.66,0.04,0.86,0.005,3.49,0.8,1.54,0.32,0.33,0.006,0.041,18.58,1.36,0.009,57.74,7.25,0.06,0.28,0.08,0
0.03,13.34,0.01,2.13,0.005,0.88,0.04,1.11,1.19,0.72,0.72,0.1,2.83,1.32,0.001,0.54,3.52,0.04,0.42,0.02,0
0.77,12.4,0.05,3.45,0.006,4.5,0.04,0.14,1.01,0.42,0.0,0.015,9.11,1.69,0.008,30.41,4.34,0.01,0.35,0.0,1
3.25,10.69,0.04,0.63,0.001,5.1,0.76,1.45,0.89,0.21,0.002,0.177,15.35,1.24,0.004,9.55,0.38,0.01,0.22,0.03,1
3.24,2.58,0.03,0.51,0.003,5.67,0.68,1.25,0.29,0.78,0.78,0.112,2.44,1.23,0.006,6.7,3.04,0.07,0.32,0.06,1
0.03,12.22,0.03,0.48,0.05,0.13,0.05,0.09,0.11,0.0,0.0,0.003,1.68,0.97,0.004,4.03,0.25,0.05,0.07,0.09,0
2.91,0.37,0.03,2.75,0.003,2.56,0.49,0.24,1.19,0.0,0.0,0.13,4.22,1.9,0.009,2.55,3.95,0.07,0.49,0.06,1
0.48,23.82,0.01,2.69,0.003,6.81,0.34,0.21,1.43,0.0,0.0,0.097,8.12,1.45,0.007,27.84,0.64,0.05,0.17,0.01,1
4.87,20.65,0.87,2.59,0.12,3.44,0.08,1.55,0.14,0.0,0.89,0.001,3.26,1.67,0.008,44.02,3.44,0.01,0.22,0.02,0
0.06,9.37,0.59,4.29,0.01,3.3,0.07,0.86,1.29,0.39,0.005,0.016,12.17,1.43,0.008,40.8,6.62,0.01,0.43,0.04,0
0.86,18.64,0.04,1.31,0.003,5.47,0.04,1.97,0.59,0.18,0.007,0.169,5.03,1.84,0.004,38.49,7.12,0.07,0.28,0.01,0
0.29,8.73,0.7,2.82,0.02,4.82,0.03,1.11,0.36,0.27,0.006,0.189,16.4,2.43,0.01,48.79,7.81,0.01,0.21,0.05,0
0.09,26.6,0.02,0.01,0.06,0.05,0.02,0.01,1.11,0.0,0.008,0.052,0.55,0.61,0.008,3.17,3.74,0.06,0.02,0.02,1
0.06,18.32,0.09,0.77,0.02,0.47,0.06,0.09,0.44,0.0,0.84,0.028,11.44,0.12,0.003,6.03,1.65,0.02,0.06,0.05,0
0.08,2.21,0.52,4.25,0.02,4.6,0.53,0.05,1.33,0.49,0.001,0.031,13.03,2.02,0.009,26.52,3.93,0.09,0.43,0.03,0
0.03,12.18,0.0,0.7,0.04,0.11,0.06,0.86,1.34,0.0,0.0,0.086,1.93,1.37,0.002,2.58,0.78,0.04,0.0,0.01,0
1.21,17.59,0.04,2.61,0.001,1.16,0.71,0.54,1.41,0.0,0.0,0.113,9.19,1.34,0.004,40.72,2.18,0.04,0.24,0.06,0
3.94,4.48,0.05,2.22,0.006,5.61,0.09,1.69,0.11,0.0,0.0,0.058,8.1,1.77,0.001,20.38,7.51,0.0,0.19,0.09,1
0.04,6.41,0.04,0.82,0.02,0.09,0.03,0.05,1.21,0.0,0.001,0.015,2.29,0.13,0.001,3.45,3.77,0.09,0.03,0.01,1
4.76,20.6,0.02,1.71,0.005,6.26,0.58,0.11,1.22,0.0,0.0,0.176,3.77,1.84,0.006,10.24,0.82,0.01,0.47,0.08,1
0.1,2.22,0.001,3.32,0.001,7.85,0.06,1.69,1.37,0.93,0.93,0.161,2.65,1.9,0.009,41.23,1.8,0.04,0.09,0.01,1
0.09,27.17,0.03,0.6,0.05,0.24,0.06,0.47,1.02,0.0,0.0,0.02,19.07,0.27,0.007,8.51,0.81,0.07,0.01,0.08,0
0.0,3.82,0.04,0.58,0.002,0.71,0.1,1.6,0.83,0.68,0.68,0.153,4.98,1.73,0.009,14.31,7.22,0.05,0.49,0.05,0
0.05,22.57,0.04,0.39,0.07,0.54,0.08,0.28,0.28,0.19,0.0,0.137,18.51,1.36,0.009,4.03,0.44,0.1,0.0,0.02,0
1.66,18.95,0.03,0.59,0.009,2.83,0.09,0.77,1.23,0.79,0.79,0.112,10.9,1.35,0.008,26.42,1.91,0.02,0.04,0.04,1
3.74,3.6,0.75,2.24,0.13,7.74,0.4,0.53,0.93,0.0,0.003,0.102,2.77,2.75,0.0,36.68,4.58,0.01,0.45,0.09,0
0.02,0.8,0.35,0.84,0.03,2.89,0.52,0.05,1.35,0.05,0.008,0.059,7.38,1.47,0.003,15.68,1.7,0.03,0.04,0.03,1
1.41,3.42,0.02,3.34,0.001,5.79,0.12,1.85,0.33,0.0,0.0,0.16,5.35,1.37,0.003,36.39,4.33,0.02,0.39,0.07,1
0.05,28.22,0.01,0.2,0.02,0.28,0.02,1.5,1.01,0.61,0.61,0.131,18.6,1.46,0.003,0.06,0.37,0.06,0.06,0.05,0
0.08,11.37,0.13,2.89,0.05,4.26,0.6,0.01,0.03,0.18,0.006,0.061,14.6,1.57,0.003,28.08,5.06,0.09,0.22,0.04,0
3.18,29.44,0.01,3.33,0.008,0.4,0.16,0.15,0.98,0.0,0.0,0.187,8.96,1.42,0.004,15.45,1.7,0.02,0.08,0.05,1
0.24,17.63,0.03,0.67,0.008,6.26,0.56,1.74,0.66,0.07,0.008,0.091,0.42,1.85,0.008,29.3,2.59,0.02,0.18,0.05,0
0.14,4.63,0.04,1.31,0.006,4.23,0.49,0.75,0.44,0.68,0.68,0.157,15.47,1.05,0.002,53.72,7.42,0.04,0.3,0.04,0
0.31,29.31,0.04,1.42,0.009,7.37,0.89,0.34,0.61,0.0,0.0,0.076,0.54,1.06,0.003,13.04,2.95,0.04,0.02,0.05,1
0.08,2.81,0.08,0.69,0.09,0.01,0.03,0.2,0.64,0.0,0.007,0.132,4.67,0.53,0.004,8.12,2.49,0.06,0.04,0.04,1
3.77,17.25,0.04,3.51,0.001,2.34,0.79,1.72,0.73,0.0,0.0,0.155,10.32,1.86,0.001,40.75,4.73,0.07,0.49,0.09,0
0.02,1.95,0.02,0.13,0.08,0.05,0.04,0.09,0.26,0.0,0.009,0.023,10.78,0.28,0.003,2.27,3.3,0.06,0.01,0.04,0
0.04,0.19,0.07,0.33,0.03,0.13,0.04,1.68,0.76,0.0,0.0,0.163,5.45,1.83,0.002,0.1,0.81,0.03,0.01,0.08,0
0.1,21.52,0.04,1.1,0.05,0.06,0.06,0.75,1.25,0.0,0.002,0.083,16.24,0.27,0.005,1.69,0.26,0.05,0.0,0.04,0
0.03,22.93,0.03,0.85,0.07,0.03,0.07,0.06,1.03,0.04,0.007,0.067,13.92,0.99,0.0,1.83,1.26,0.05,0.08,0.0,0
0.22,10.96,0.9,4.28,0.09,0.32,0.2,0.01,0.24,0.61,0.61,0.127,16.03,1.93,0.006,8.81,3.55,0.07,0.04,0.03,1
0.57,12.12,0.04,1.81,0.001,7.02,0.63,0.29,1.43,0.75,0.75,0.166,13.05,1.66,0.006,16.39,6.81,0.08,0.49,0.07,1
4.35,16.79,0.05,1.74,0.005,6.95,0.85,0.99,0.87,0.39,0.002,0.17,4.94,1.66,0.001,16.75,5.35,0.03,0.42,0.07,1
3.52,27.71,0.02,1.8,0.001,7.3,0.55,1.32,0.59,0.18,0.008,0.122,15.67,1.97,0.009,6.43,5.57,0.04,0.03,0.05,1
0.95,2.66,0.01,1.29,0.007,4.11,0.28,1.77,0.06,0.75,0.75,0.098,0.75,1.99,0.009,20.55,0.75,0.04,0.1,0.05,1
3.02,28.47,0.89,3.44,0.03,2.96,0.16,1.43,0.19,0.0,0.92,0.097,10.85,1.42,0.001,39.08,5.03,0.07,0.28,0.01,0
4.5,24.24,0.01,2.68,0.005,3.31,0.86,0.46,0.33,0.92,0.92,0.025,5.9,1.02,0.008,18.88,7.48,0.06,0.3,0.06,1
2.88,0.26,0.03,3.37,0.002,6.13,0.29,0.18,0.91,0.78,0.78,0.174,7.09,1.83,0.005,51.29,3.81,0.07,0.03,0.06,1
0.52,0.4,0.001,2.15,0.008,7.18,0.11,0.53,1.05,0.0,0.0,0.076,11.5,1.32,0.01,6.7,5.65,0.07,0.38,0.05,1
0.02,23.1,0.1,0.42,0.04,0.03,0.06,1.57,0.43,0.04,0.003,0.089,14.77,1.97,0.005,0.46,1.69,0.03,0.04,0.03,0
1.05,13.34,0.01,2.13,0.005,0.88,0.04,1.11,1.19,0.72,0.72,0.1,2.83,1.32,0.001,0.54,3.52,0.04,0.42,0.02,1
0.07,8.09,0.02,0.81,0.06,0.25,0.08,0.05,0.8,0.0,0.97,0.1,18.78,0.67,0.001,0.98,4.86,0.05,0.01,0.0,0
4.23,29.17,0.12,1.3,0.12,0.79,0.77,1.51,0.36,0.0,0.0,0.159,14.47,1.81,0.008,22.95,6.2,0.07,0.12,0.07,0
1.01,17.54,0.01,3.92,0.002,5.68,0.28,0.77,1.4,0.0,0.0,0.115,14.19,1.39,0.005,8.04,5.95,0.07,0.47,0.07,1
0.07,2.46,0.05,0.92,0.0,0.67,0.04,1.44,0.17,0.99,0.99,0.096,14.55,1.77,0.008,10.68,3.08,0.08,0.1,0.03,0
0.16,17.55,0.04,0.69,0.003,1.27,0.38,0.41,0.72,0.25,0.007,0.02,0.29,1.38,0.01,33.17,2.97,0.06,0.1,0.02,1
1.2,19.96,0.06,2.97,0.09,2.14,0.81,0.36,0.73,0.0,0.0,0.003,14.15,1.47,0.005,33.2,4.48,0.03,0.38,0.02,0
0.1,6.36,0.01,2.74,0.03,0.48,0.06,0.33,0.22,0.31,0.008,0.163,11.01,1.1,0.007,3.68,0.27,0.04,0.02,0.06,0
0.1,27.76,0.05,4.29,0.1,5.86,0.26,0.47,1.02,0.4,0.0,0.02,19.02,1.91,0.007,44.78,2.13,0.07,0.28,0.08,0
0.02,16.13,0.04,0.9,0.06,0.09,0.03,0.75,1.25,0.28,0.002,0.083,15.98,1.1,0.005,0.59,3.05,0.05,0.03,0.04,0
0.08,29.72,0.48,2.85,0.02,1.01,0.79,0.06,0.63,0.99,0.99,0.005,15.02,1.99,0.01,15.37,7.59,0.0,0.44,0.06,0
0.07,28.36,0.04,3.46,0.008,0.34,0.76,0.4,0.34,0.65,0.65,0.013,1.48,1.15,0.003,20.36,4.91,0.01,0.36,0.02,0
0.14,22.47,0.23,3.25,0.12,1.4,0.68,0.03,0.49,0.11,0.003,0.075,19.04,1.46,0.004,50.4,7.3,0.08,0.04,0.04,0
3.04,22.29,0.05,1.87,0.001,2.52,0.46,0.24,0.66,0.09,0.008,0.17,16.17,1.51,0.006,14.55,0.68,0.02,0.09,0.02,1
3.7,15.51,0.83,2.98,0.01,2.85,0.34,0.98,0.23,0.0,0.0,0.164,5.96,1.51,0.007,23.91,3.73,0.06,0.28,0.05,0
0.99,10.73,0.36,4.9,0.11,5.49,0.72,0.3,0.52,0.0,0.0,0.131,8.61,1.32,0.005,21.82,4.27,0.06,0.25,0.05,0
0.03,21.9,0.03,0.6,0.001,7.24,0.14,1.2,1.31,0.91,0.91,0.027,18.96,1.47,0.002,7.24,6.44,0.04,0.01,0.08,0
0.08,13.48,0.07,1.23,0.06,0.07,0.09,1.45,0.04,0.13,0.007,0.074,16.31,1.54,0.008,1.34,1.56,0.09,0.06,0.0,0
0.05,10.78,0.06,1.67,0.08,0.21,0.07,0.1,1.38,0.26,0.005,0.033,7.43,1.55,0.007,3.22,0.06,0.09,0.01,0.02,0
0.09,1.71,0.06,0.24,0.05,0.05,0.09,0.07,1.41,0.0,0.82,0.023,8.8,0.95,0.0,0.98,0.59,0.09,0.08,0.02,0
2.13,25.11,0.76,2.6,0.12,1.3,0.52,0.4,0.59,0.0,0.61,0.04,18.66,1.88,0.01,51.78,0.05,0.03,0.05,0.02,1
0.12,3.9,0.58,0.78,0.03,1.16,0.33,0.07,0.7,0.01,0.0,0.008,7.67,1.79,0.006,45.08,7.85,0.06,0.13,0.08,0
1.15,2.63,0.04,2.6,0.005,3.01,0.65,1.6,0.16,0.02,0.003,0.178,16.05,1.29,0.002,13.75,4.89,0.03,0.12,0.01,1
0.02,3.33,0.04,0.7,0.05,0.06,0.1,1.72,1.07,0.96,0.96,0.119,11.78,2.08,0.005,0.54,0.69,0.02,0.02,0.02,0
0.09,9.66,0.01,0.38,0.05,0.08,0.03,1.52,1.02,0.39,0.002,0.071,17.71,1.71,0.003,4.55,1.0,0.04,0.08,0.02,0
0.19,23.09,0.65,1.31,0.02,4.11,0.16,1.34,0.36,0.84,0.84,0.07,9.12,1.31,0.007,30.79,4.78,0.09,0.09,0.05,0
0.18,21.12,0.04,0.61,0.005,1.99,0.25,0.83,1.09,0.0,0.0,0.084,5.88,1.46,0.001,27.44,4.6,0.06,0.04,0.01,1
4.39,29.54,0.02,2.5,0.005,4.93,0.62,0.1,0.72,0.39,0.008,0.011,14.95,1.21,0.007,8.56,6.29,0.1,0.29,0.06,1
0.09,5.45,0.03,3.87,0.05,0.09,0.01,1.15,0.25,0.04,0.003,0.135,2.8,2.0,0.01,7.56,0.32,0.09,0.08,0.02,0
0.03,23.91,0.03,2.55,0.03,0.07,0.01,0.04,0.07,0.0,0.77,0.042,16.71,0.24,0.009,5.46,0.9,0.05,0.06,0.06,0
0.45,29.8,0.04,1.46,0.003,2.35,0.01,1.46,1.46,0.0,0.0,0.083,4.07,1.37,0.009,28.46,0.96,0.07,0.4,0.06,1
0.99,21.31,0.03,1.85,0.002,7.96,0.2,0.75,0.34,0.98,0.98,0.104,16.47,1.91,0.009,8.75,0.67,0.06,0.18,0.08,1
0.22,18.53,0.03,2.14,0.001,1.79,0.88,0.56,1.49,0.0,0.0,0.05,11.82,1.06,0.003,30.27,1.91,0.08,0.29,0.06,1
0.31,26.12,0.03,3.57,0.002,5.29,0.3,0.78,0.09,0.83,0.83,0.138,10.49,1.47,0.009,48.81,4.63,0.09,0.18,0.05,0
0.02,17.22,0.19,1.69,0.08,4.94,0.29,0.07,1.43,0.16,0.009,0.075,13.84,1.09,0.002,37.26,3.34,0.0,0.07,0.02,1
0.14,7.63,0.04,2.2,0.004,7.22,0.24,1.05,0.05,0.49,0.005,0.1,9.92,1.48,0.007,48.15,1.9,0.06,0.28,0.05,0
0.27,12.27,0.02,1.37,0.004,4.13,0.1,1.73,0.8,0.93,0.93,0.174,16.88,1.45,0.006,28.73,6.87,0.05,0.13,0.07,0
0.07,1.62,0.0,0.04,0.05,0.19,0.05,0.1,1.19,0.0,0.001,0.194,0.6,0.43,0.009,8.12,4.23,0.08,0.02,0.02,0
1.99,7.55,0.04,1.53,0.001,1.68,0.35,0.04,1.3,0.03,0.007,0.11,1.08,1.09,0.008,44.54,3.11,0.07,0.13,0.04,1
0.01,6.82,0.06,0.4,0.05,0.42,0.08,1.87,1.14,0.41,0.001,0.033,2.76,1.68,0.001,0.15,1.28,0.08,0.0,0.05,0
0.0,18.86,0.01,0.62,0.05,0.1,0.04,0.04,0.26,0.07,0.008,0.113,1.51,0.86,0.01,6.4,0.83,0.09,0.03,0.04,0
0.0,23.08,0.06,2.59,0.1,0.79,0.8,1.39,0.66,0.7,0.7,0.126,9.33,1.39,0.003,9.43,0.72,0.0,0.33,0.0,0
2.69,5.79,0.001,0.62,0.005,2.1,0.74,1.74,0.97,0.24,0.004,0.199,13.63,1.66,0.006,16.9,5.19,0.07,0.44,0.08,1
3.47,8.61,0.03,3.81,0.009,3.1,0.69,1.66,1.1,0.0,0.0,0.113,0.36,1.94,0.004,17.89,1.97,0.07,0.25,0.01,1
0.08,18.59,0.09,0.73,0.09,0.47,0.07,1.95,1.16,0.0,0.94,0.047,4.28,0.82,0.008,1.7,0.5,0.03,0.07,0.01,0
0.23,20.5,0.05,2.36,0.001,0.5,0.17,1.07,1.03,0.0,0.0,0.141,16.63,1.22,0.006,33.5,2.73,0.1,0.34,0.08,0
0.03,1.37,0.08,0.91,0.02,0.04,0.02,0.08,1.5,0.0,0.0,0.107,4.36,1.54,0.0,1.28,0.21,0.07,0.06,0.0,0
0.05,25.84,0.01,3.04,0.002,2.78,0.72,0.46,1.41,0.08,0.006,0.049,9.64,1.43,0.006,36.57,4.55,0.03,0.19,0.0,0
0.02,9.6,0.05,2.15,0.06,0.05,0.03,0.55,1.27,0.0,0.61,0.087,17.21,0.7,0.009,6.12,0.61,0.09,0.04,0.05,0
1.88,19.26,0.02,2.78,0.008,0.05,0.42,1.0,0.09,0.91,0.91,0.103,4.37,1.95,0.006,22.12,1.97,0.03,0.06,0.05,1
0.31,1.91,0.04,0.48,0.004,4.59,0.54,1.31,0.33,0.0,0.0,0.113,8.5,1.6,0.01,25.36,1.84,0.02,0.11,0.0,1
0.05,5.5,0.1,0.42,0.04,0.05,0.08,0.28,0.82,0.0,0.0,0.197,2.18,2.08,0.007,4.78,2.18,0.05,0.08,0.05,0
1.92,19.73,0.03,1.11,0.008,1.87,0.16,0.02,0.04,0.76,0.76,0.198,10.69,1.33,0.006,15.3,4.8,0.06,0.41,0.02,1
3.6,25.94,0.53,2.07,0.12,0.09,0.34,0.37,1.29,0.0,0.0,0.122,12.88,1.08,0.007,6.99,2.73,0.04,0.03,0.08,0
0.02,5.24,0.05,0.77,0.02,0.57,0.04,0.03,0.15,0.0,0.0,0.085,19.41,1.0,0.001,1.68,3.55,0.05,0.07,0.07,1
2.33,4.57,0.04,2.4,0.008,6.37,0.89,0.24,0.83,0.8,0.8,0.194,8.16,1.36,0.006,9.33,0.54,0.1,0.13,0.05,1
1.69,7.18,0.04,1.24,0.001,1.01,0.73,1.78,0.33,0.0,0.0,0.061,1.87,1.37,0.01,31.48,4.79,0.01,0.24,0.02,1
0.02,22.48,0.01,2.27,0.008,6.34,0.11,1.64,1.06,0.07,0.001,0.147,7.5,1.76,0.002,29.22,6.02,0.03,0.35,0.07,0
0.08,15.18,0.03,2.54,0.004,0.0,0.54,0.59,0.54,0.31,0.001,0.124,17.62,1.1,0.002,23.58,7.03,0.03,0.08,0.0,0
0.84,22.3,0.04,3.72,0.005,1.75,0.33,1.66,1.08,0.32,0.001,0.017,14.37,1.45,0.001,0.4,2.74,0.03,0.14,0.08,1
4.76,26.3,0.61,3.94,0.08,1.66,0.82,1.42,1.29,0.0,0.002,0.01,2.36,1.64,0.004,11.06,2.54,0.08,0.44,0.07,0
2.91,12.55,0.04,1.91,0.005,3.07,0.05,0.11,0.11,0.0,0.0,0.003,1.68,1.27,0.004,34.01,0.16,0.05,0.17,0.09,1
0.09,24.03,0.09,2.35,0.01,0.04,0.0,0.04,0.2,0.44,0.007,0.035,5.63,1.83,0.005,0.14,0.19,0.09,0.06,0.01,0
0.03,27.15,0.05,0.53,0.07,0.33,0.03,0.52,0.22,0.69,0.69,0.064,12.59,1.37,0.004,9.12,2.42,0.03,0.07,0.07,0
0.24,5.0,0.31,2.56,0.1,7.89,0.05,0.15,1.19,0.0,0.61,0.164,17.72,1.56,0.001,14.52,0.53,0.0,0.06,0.01,1
0.05,10.63,0.02,1.07,0.06,0.49,0.02,0.1,0.52,0.0,0.002,0.131,8.21,0.25,0.005,2.57,0.36,0.06,0.04,0.05,1
0.06,21.96,0.07,0.71,0.06,0.05,0.07,0.05,0.69,0.0,0.0,0.046,11.84,1.96,0.003,0.11,1.55,0.01,0.07,0.0,0
0.01,25.51,0.04,0.07,0.002,6.04,0.68,0.07,0.13,0.44,0.008,0.019,12.39,1.03,0.003,38.64,5.43,0.02,0.1,0.04,0
3.36,14.44,0.001,0.16,0.008,7.58,0.71,0.67,0.73,0.92,0.92,0.057,6.69,1.28,0.009,29.4,7.19,0.09,0.2,0.0,1
0.19,22.74,0.1,0.18,0.09,1.29,0.54,0.07,1.33,0.55,0.55,0.116,12.14,1.68,0.009,11.32,0.46,0.03,0.0,0.03,1
0.18,25.83,0.76,4.11,0.12,5.68,0.2,1.58,0.15,0.72,0.72,0.013,9.6,1.34,0.008,0.41,3.22,0.06,0.07,0.09,0
2.08,3.15,0.03,1.71,0.002,3.51,0.36,0.2,0.64,0.18,0.007,0.132,4.17,1.85,0.004,15.84,5.81,0.06,0.34,0.04,1
0.36,17.7,0.001,3.35,0.001,1.4,0.29,1.38,1.48,0.67,0.67,0.08,17.96,1.98,0.002,28.45,3.93,0.07,0.31,0.08,0
2.58,25.46,0.04,1.37,0.001,5.42,0.73,1.76,0.63,0.91,0.91,0.139,6.11,1.84,0.007,31.02,5.87,0.05,0.01,0.06,0
4.34,1.86,0.04,1.84,0.005,3.1,0.79,0.55,0.96,0.21,0.004,0.062,14.69,1.8,0.003,21.12,1.55,0.03,0.15,0.04,1
0.05,29.28,0.06,0.4,0.03,0.07,0.02,1.05,0.81,0.0,0.005,0.066,4.62,0.9,0.0,2.08,1.8,0.07,0.09,0.02,1
1.08,4.05,0.001,3.36,0.009,4.63,0.56,1.89,1.36,0.0,0.0,0.17,13.5,1.04,0.006,22.03,3.76,0.02,0.45,0.06,1
0.02,26.72,0.58,1.75,0.07,3.55,0.83,0.02,0.33,0.89,0.89,0.048,13.07,2.21,0.006,24.32,3.93,0.06,0.41,0.08,0
3.81,21.14,0.04,3.72,0.002,4.27,0.52,0.96,1.45,0.44,0.007,0.039,0.55,1.98,0.005,4.27,6.49,0.06,0.33,0.03,1
0.07,16.93,0.03,1.48,0.09,0.03,0.08,0.06,1.4,0.0,0.7,0.115,14.19,0.87,0.005,1.11,1.38,0.07,0.08,0.07,0
4.6,29.04,0.6,4.04,0.09,5.93,0.34,1.95,1.18,0.81,0.81,0.075,0.84,1.15,0.005,40.7,4.88,0.08,0.04,0.01,1
3.36,20.61,0.02,0.86,0.005,1.74,0.7,1.08,0.7,0.87,0.87,0.106,9.73,1.12,0.008,14.49,3.54,0.02,0.47,0.07,1
0.05,8.68,0.03,0.4,0.08,0.1,0.03,0.05,0.14,0.0,0.004,0.069,8.43,0.15,0.007,2.63,1.03,0.08,0.05,0.09,0
1.14,2.59,0.04,3.81,0.003,1.63,0.58,1.35,1.06,0.22,0.007,0.069,11.78,1.55,0.005,32.91,2.78,0.07,0.16,0.03,1
0.99,14.51,0.05,2.01,0.004,0.41,0.36,0.26,1.41,0.0,0.0,0.05,7.85,1.16,0.003,1.01,0.63,0.03,0.19,0.04,1
0.03,4.45,0.01,0.78,0.05,0.49,0.05,0.03,0.86,0.1,0.005,0.191,18.68,1.0,0.007,0.52,2.46,0.0,0.09,0.02,0
4.21,17.84,0.01,3.94,0.008,2.26,0.03,1.4,0.5,0.28,0.005,0.044,2.71,1.8,0.001,1.02,7.9,0.04,0.28,0.03,1
0.01,25.95,0.1,0.07,0.08,0.61,0.07,1.4,0.07,0.74,0.74,0.145,15.12,1.17,0.003,0.07,0.26,0.08,0.01,0.06,0
0.15,27.45,0.03,0.74,0.002,7.07,0.52,1.69,0.96,0.25,0.001,0.021,14.05,1.27,0.005,7.96,2.36,0.01,0.43,0.01,1
0.09,1.48,0.1,2.86,0.06,0.05,0.0,0.66,0.88,0.0,0.68,0.113,18.34,1.98,0.002,0.08,0.69,0.01,0.1,0.05,0
0.04,0.35,0.04,2.16,0.005,6.06,0.85,1.4,0.44,0.07,0.007,0.15,10.3,1.17,0.005,58.17,4.51,0.02,0.18,0.08,0
0.03,3.24,0.26,1.32,0.03,8.33,0.51,0.09,0.46,0.22,0.001,0.165,6.06,1.97,0.002,45.08,0.0,0.05,0.04,0.06,0
0.04,5.26,0.08,0.32,0.07,0.01,0.0,0.09,0.6,0.0,0.009,0.016,2.5,0.33,0.002,4.38,0.44,0.05,0.01,0.08,1
0.03,24.64,0.06,0.38,0.0,0.07,0.05,1.89,0.7,0.77,0.77,0.172,14.48,1.13,0.004,1.0,1.64,0.02,0.05,0.05,0
0.09,0.42,0.02,0.62,0.02,0.05,0.04,1.57,0.43,0.04,0.003,0.089,15.24,2.2,0.005,1.82,4.63,0.03,0.08,0.03,0
0.94,2.84,0.01,3.54,0.005,1.85,0.15,1.99,1.29,0.86,0.86,0.047,7.52,1.5,0.002,46.24,3.95,0.04,0.14,0.02,1
0.07,5.7,0.04,0.91,0.0,0.2,0.06,0.02,1.21,0.0,0.001,0.015,1.72,0.89,0.001,0.02,0.66,0.09,0.0,0.01,1
0.07,9.8,0.32,2.32,0.08,3.52,0.69,0.32,0.66,0.3,0.006,0.123,2.61,1.74,0.002,43.03,0.66,0.04,0.05,0.03,1
0.15,2.61,0.01,2.56,0.007,6.9,0.42,0.46,1.31,0.0,0.0,0.093,13.37,1.16,0.004,26.43,2.83,0.07,0.3,0.03,1
1.87,0.07,0.03,3.02,0.008,6.16,0.37,1.11,0.61,0.73,0.73,0.178,12.09,1.86,0.008,36.11,3.83,0.06,0.33,0.07,1
0.1,22.85,0.05,0.73,0.07,0.43,0.06,0.0,0.27,0.0,0.0,0.183,8.8,2.18,0.006,1.6,3.24,0.06,0.04,0.07,0
0.03,11.41,0.08,0.56,0.02,0.23,0.06,0.03,0.27,0.0,0.62,0.166,0.02,0.12,0.003,2.0,0.18,0.0,0.08,0.05,0
0.12,24.97,0.84,4.02,0.11,1.07,0.79,0.72,0.87,0.17,0.001,0.033,19.46,1.23,0.004,27.52,0.4,0.08,0.31,0.04,0
0.07,3.5,0.01,0.02,0.07,0.35,0.07,0.05,0.93,0.0,0.003,0.102,2.53,0.25,0.0,4.12,0.41,0.01,0.05,0.09,0
4.09,17.45,0.66,0.92,0.07,1.62,0.01,1.19,0.26,0.0,0.72,0.034,18.08,1.61,0.004,33.59,2.06,0.04,0.07,0.06,0
2.26,4.74,0.02,3.51,0.003,0.19,0.65,1.47,0.21,0.33,0.005,0.106,2.73,1.22,0.001,31.36,0.06,0.06,0.04,0.05,1
0.08,0.17,0.03,0.65,0.08,0.02,0.03,0.02,0.91,0.0,0.0,0.05,10.04,1.44,0.005,0.1,7.93,0.09,0.05,0.01,0
0.1,19.05,0.04,0.58,0.07,0.11,0.06,1.48,0.91,0.0,0.74,0.074,19.05,0.06,0.007,0.09,1.12,0.05,0.02,0.03,0
0.05,18.27,0.1,0.98,0.05,0.01,0.08,0.46,1.43,0.0,0.003,0.08,18.33,0.89,0.005,5.54,0.13,0.02,0.07,0.06,0
3.18,26.15,0.03,1.26,0.008,0.0,0.88,0.62,1.1,0.12,0.001,0.036,17.78,1.62,0.001,10.48,4.55,0.02,0.35,0.0,1
0.04,25.55,0.91,4.39,0.07,0.42,0.48,0.07,0.7,0.94,0.94,0.001,13.43,1.2,0.006,12.22,6.88,0.05,0.07,0.07,0
0.1,14.18,0.04,0.03,0.03,0.14,0.03,0.31,1.1,0.0,0.0,0.072,3.83,1.89,0.008,5.22,6.97,0.02,0.08,0.09,0
0.03,2.37,0.02,0.54,0.03,0.4,0.0,0.09,0.06,0.0,0.75,0.098,0.75,0.38,0.009,3.65,0.23,0.04,0.01,0.05,0
3.68,14.46,0.01,2.91,0.006,1.87,0.87,1.45,0.04,0.0,0.0,0.074,16.31,1.54,0.008,22.62,7.15,0.09,0.24,0.0,1
0.03,2.19,0.05,0.63,0.08,0.42,0.0,0.08,1.25,0.06,0.005,0.048,0.39,0.55,0.008,4.81,0.54,0.08,0.04,0.03,1
4.73,12.24,0.04,0.73,0.006,3.09,0.37,1.33,1.08,0.44,0.005,0.093,3.98,1.8,0.001,9.67,6.81,0.02,0.31,0.01,1
0.02,5.38,0.02,3.7,0.002,6.39,0.01,0.29,1.14,0.77,0.77,0.174,9.12,1.1,0.006,21.71,0.22,0.04,0.06,0.09,0
1.21,19.47,0.57,1.41,0.03,1.25,0.76,1.82,0.26,0.92,0.92,0.105,4.9,1.81,0.006,50.63,7.42,0.01,0.33,0.04,0
0.09,23.4,0.07,0.86,0.03,0.67,0.06,1.97,0.12,0.52,0.52,0.121,10.85,1.09,0.002,1.42,4.94,0.08,0.01,0.01,0
1.77,21.15,0.001,3.33,0.007,2.05,0.1,1.48,0.95,0.91,0.91,0.073,17.73,1.91,0.006,6.17,3.69,0.04,0.37,0.0,1
0.27,19.07,0.001,1.99,0.006,4.43,0.84,0.85,1.01,0.19,0.008,0.045,2.09,1.22,0.005,50.87,4.14,0.01,0.02,0.01,1
0.38,3.92,0.04,1.05,0.001,1.64,0.04,0.02,0.47,0.28,0.005,0.141,6.15,1.78,0.007,41.93,3.5,0.01,0.47,0.09,0
0.09,17.2,0.06,1.59,0.09,0.07,0.07,0.12,0.13,0.94,0.94,0.049,6.06,1.77,0.002,4.0,0.78,0.04,0.09,0.02,0
0.01,15.08,0.63,3.03,0.02,0.06,0.54,0.59,0.54,0.31,0.001,0.124,17.76,1.25,0.002,27.62,7.03,0.03,0.08,0.0,0
0.07,26.03,0.09,2.28,0.04,0.49,0.09,0.03,0.92,0.0,0.93,0.075,16.14,0.25,0.005,1.71,4.96,0.05,0.03,0.07,0
0.21,24.42,0.15,3.18,0.02,4.02,0.43,0.04,0.69,0.74,0.74,0.046,12.11,2.12,0.003,4.79,1.55,0.01,0.47,0.0,0
0.08,5.04,0.51,0.51,0.11,0.37,0.7,1.32,0.76,0.23,0.004,0.128,14.83,1.59,0.002,15.35,5.87,0.05,0.3,0.02,0
0.02,27.42,0.08,0.98,0.01,0.55,0.01,0.01,0.78,0.54,0.54,0.035,9.41,0.46,0.001,0.21,0.66,0.07,0.03,0.05,0
0.07,27.4,0.09,0.37,0.01,0.05,0.07,0.02,1.29,0.0,0.006,0.108,9.01,0.65,0.004,2.13,1.97,0.07,0.08,0.01,0
0.76,25.22,0.02,2.99,0.001,2.28,0.89,1.27,1.25,0.0,0.0,0.076,7.49,1.32,0.008,37.7,7.52,0.01,0.15,0.08,0
0.01,25.46,0.04,1.37,0.001,5.42,0.73,1.76,0.63,0.91,0.91,0.139,6.11,1.84,0.007,31.02,5.87,0.05,0.01,0.06,0
3.03,9.19,0.05,0.65,0.006,6.25,0.61,0.77,0.76,0.51,0.51,0.086,10.31,1.17,0.0,31.57,6.36,0.02,0.17,0.08,1
1.46,10.11,0.01,1.41,0.002,6.93,0.4,0.68,0.79,0.23,0.002,0.014,6.83,1.32,0.009,5.44,7.92,0.01,0.33,0.02,1
0.05,16.94,0.03,1.91,0.05,0.2,0.05,0.0,1.25,0.11,0.003,0.014,16.7,0.39,0.01,6.03,0.37,0.07,0.1,0.02,0
2.9,18.82,0.05,0.77,0.003,3.33,0.3,1.09,1.35,0.38,0.006,0.13,18.06,1.29,0.01,0.31,6.33,0.05,0.06,0.07,1
0.06,24.48,0.02,1.67,0.09,0.02,0.03,0.06,0.71,0.0,0.008,0.022,3.1,0.27,0.009,2.62,0.91,0.09,0.01,0.02,1
2.45,12.38,0.03,0.78,0.001,1.82,0.06,1.27,1.15,0.0,0.0,0.015,13.11,1.33,0.007,4.79,0.7,0.01,0.23,0.07,1
0.02,23.26,0.03,3.56,0.008,6.26,0.73,1.59,0.27,0.88,0.88,0.183,8.21,1.95,0.006,1.88,3.24,0.06,0.09,0.07,0
0.05,19.31,0.001,0.47,0.002,7.89,0.43,1.84,0.75,0.92,0.92,0.142,7.14,1.36,0.004,53.71,5.84,0.02,0.38,0.09,0
3.24,19.54,0.82,4.69,0.11,6.7,0.6,0.79,0.32,0.0,0.64,0.044,0.3,1.39,0.001,20.21,7.8,0.08,0.16,0.05,0
2.22,11.87,0.03,3.96,0.007,7.17,0.27,1.5,0.23,0.18,0.007,0.166,16.15,1.36,0.003,15.81,4.98,0.07,0.47,0.07,1
0.11,13.69,0.02,0.83,0.003,7.24,0.33,0.97,1.31,0.0,0.0,0.088,9.49,1.1,0.01,43.93,7.38,0.1,0.35,0.06,0
0.13,22.19,0.08,2.26,0.02,2.72,0.46,0.24,0.66,0.09,0.008,0.17,16.65,1.63,0.006,4.5,0.68,0.02,0.09,0.02,1
0.78,16.88,0.21,2.12,0.12,5.44,0.16,0.88,0.12,0.87,0.87,0.143,14.4,2.32,0.009,0.8,2.74,0.07,0.24,0.02,0
0.04,3.9,0.02,2.85,0.006,7.93,0.29,0.29,0.57,0.64,0.64,0.154,16.29,1.96,0.002,2.64,0.79,0.04,0.03,0.0,1
0.03,7.9,0.09,0.09,0.04,0.01,0.04,0.07,1.32,0.0,0.62,0.103,13.78,0.29,0.01,1.1,0.74,0.06,0.01,0.0,0
0.03,8.26,0.07,0.99,0.06,0.05,0.02,0.0,0.82,0.0,0.005,0.037,13.27,0.67,0.0,2.22,0.76,0.0,0.08,0.01,0
3.98,11.14,0.02,0.38,0.001,7.18,0.07,1.13,0.24,0.59,0.59,0.051,5.48,1.35,0.004,32.35,5.22,0.0,0.21,0.08,1
3.67,27.89,0.02,3.81,0.007,1.36,0.08,1.24,0.66,0.0,0.0,0.182,2.19,1.2,0.009,9.83,6.17,0.01,0.07,0.07,1
0.03,0.75,0.09,2.11,0.08,0.01,0.0,1.31,0.63,0.44,0.003,0.139,16.27,0.32,0.002,3.76,0.8,0.1,0.04,0.08,0
1.4,14.93,0.05,3.63,0.007,7.74,0.7,1.71,0.65,0.0,0.0,0.12,3.01,1.68,0.002,18.56,3.9,0.05,0.41,0.04,1
0.0,23.34,0.05,0.61,0.1,0.13,0.09,0.82,0.1,0.0,0.79,0.044,14.58,0.49,0.005,0.32,5.44,0.04,0.03,0.03,0
0.03,23.09,1.02,4.27,0.1,7.59,0.15,0.96,1.41,0.99,0.99,0.13,12.28,1.61,0.001,39.3,4.74,0.01,0.03,0.03,1
0.09,8.21,0.001,3.35,0.002,4.37,0.33,1.94,0.78,0.89,0.89,0.101,12.11,1.51,0.008,56.34,7.62,0.02,0.33,0.04,0
2.95,1.56,0.11,3.77,0.05,4.65,0.37,1.39,1.19,0.0,0.0,0.194,1.37,1.42,0.009,5.04,7.6,0.08,0.48,0.02,0
0.02,19.84,0.07,0.45,0.04,0.15,0.09,0.61,1.26,0.42,0.005,0.162,0.49,1.45,0.008,0.13,0.07,0.05,0.08,0.05,0
0.01,7.35,0.1,0.91,0.09,0.08,0.02,0.04,1.3,0.03,0.007,0.11,1.94,0.75,0.008,0.09,2.68,0.07,0.03,0.04,1
2.25,12.28,0.02,2.16,0.002,4.89,0.36,0.34,0.14,0.06,0.004,0.086,14.33,1.07,0.0,34.47,3.75,0.01,0.02,0.06,1
2.46,13.29,0.01,1.38,0.001,7.17,0.24,0.38,0.61,0.0,0.0,0.03,1.43,1.01,0.009,6.99,3.6,0.0,0.37,0.04,1
0.02,11.83,0.01,1.7,0.01,0.65,0.06,1.78,0.01,0.0,0.75,0.153,4.9,0.94,0.004,10.05,1.38,0.01,0.03,0.07,0
0.04,24.23,0.39,0.3,0.05,2.77,0.69,0.57,0.61,0.13,0.001,0.117,7.51,1.4,0.003,27.38,2.41,0.02,0.06,0.02,1
0.99,9.24,0.79,4.07,0.1,1.16,0.56,1.03,0.99,0.43,0.006,0.132,9.01,1.75,0.006,13.21,4.28,0.02,0.05,0.02,1
0.08,2.43,0.03,0.22,0.09,0.05,0.02,0.79,0.15,0.0,0.0,0.106,7.06,1.18,0.001,1.05,2.46,0.02,0.09,0.07,0
0.02,18.79,0.09,0.93,0.02,0.24,0.03,0.06,0.78,0.89,0.89,0.09,17.23,1.69,0.004,0.14,6.7,0.01,0.06,0.09,0
0.01,22.18,0.1,0.53,0.08,0.24,0.06,0.0,0.03,0.0,0.002,0.011,6.75,0.34,0.001,8.53,0.83,0.04,0.06,0.07,0
0.49,25.46,0.01,2.03,0.001,1.03,0.56,1.42,1.03,0.0,0.0,0.014,10.99,1.47,0.006,6.02,1.38,0.06,0.19,0.06,1
0.54,15.3,0.02,1.01,0.001,6.21,0.79,1.76,0.83,0.21,0.002,0.03,7.48,1.52,0.005,7.51,0.63,0.07,0.13,0.08,1
0.02,9.07,0.06,0.46,0.07,0.23,0.0,0.04,0.31,0.0,0.84,0.1,14.65,0.29,0.004,10.57,0.53,0.03,0.03,0.06,0
3.62,2.31,0.03,3.99,0.001,4.4,0.53,1.0,1.33,0.0,0.0,0.031,12.3,1.87,0.009,8.76,3.93,0.09,0.43,0.03,1
0.13,5.0,0.4,2.73,0.06,7.45,0.05,0.15,1.19,0.61,0.61,0.164,17.67,1.2,0.001,14.44,0.53,0.0,0.06,0.01,1
0.04,10.84,0.06,0.49,0.04,0.08,0.03,0.08,0.49,0.0,0.0,0.151,14.44,1.0,0.003,0.34,2.16,0.06,0.03,0.05,1
0.06,9.64,0.09,2.36,0.07,0.05,0.01,1.53,1.17,0.43,0.007,0.091,14.04,1.0,0.009,11.97,0.07,0.03,0.04,0.04,0
0.36,11.11,0.03,1.96,0.008,2.96,0.33,0.54,0.72,0.0,0.0,0.028,18.72,1.56,0.006,22.59,2.17,0.01,0.2,0.09,1
0.35,21.29,0.02,0.25,0.004,4.57,0.51,0.01,1.1,0.89,0.89,0.142,17.18,1.31,0.006,11.39,1.36,0.0,0.41,0.08,1
0.13,6.1,0.05,3.74,0.008,2.86,0.52,1.03,0.51,0.77,0.77,0.012,1.11,1.55,0.008,20.32,2.21,0.02,0.48,0.04,0
0.09,28.95,0.05,2.13,0.007,7.64,0.04,0.84,0.62,0.8,0.8,0.093,10.81,1.5,0.004,57.11,0.2,0.03,0.48,0.02,0
0.03,7.96,0.01,1.22,0.003,3.5,0.1,1.32,0.87,0.61,0.61,0.174,12.48,1.09,0.009,24.76,2.6,0.06,0.05,0.09,0
0.86,9.91,0.01,2.34,0.008,6.5,0.09,1.76,0.56,0.0,0.0,0.096,6.32,1.43,0.002,32.6,3.54,0.1,0.05,0.01,1
1.24,10.27,0.05,3.01,0.004,6.84,0.67,0.36,1.31,0.64,0.64,0.154,9.48,1.35,0.006,19.99,7.73,0.06,0.27,0.01,1
0.44,1.84,0.01,0.06,0.008,4.37,0.38,1.77,0.78,0.0,0.0,0.053,0.48,1.65,0.006,12.7,3.56,0.01,0.33,0.05,1
0.36,15.06,0.96,3.52,0.11,2.18,0.48,0.02,0.09,0.84,0.84,0.001,11.94,2.07,0.001,14.96,3.6,0.03,0.42,0.05,0
0.83,10.37,0.17,4.45,0.13,3.28,0.06,1.72,1.06,0.0,0.63,0.171,2.84,1.63,0.005,30.96,1.5,0.02,0.07,0.02,1
0.01,21.25,0.04,0.54,0.07,0.19,0.01,0.79,1.43,0.51,0.51,0.094,5.96,0.07,0.005,4.17,2.71,0.05,0.09,0.03,0
0.02,13.64,0.24,0.65,0.11,3.8,0.11,1.14,0.36,0.13,0.008,0.071,19.34,1.39,0.004,17.3,2.18,0.04,0.01,0.02,1
2.63,26.73,0.04,0.27,0.007,0.78,0.9,1.86,0.26,0.55,0.55,0.013,1.74,1.24,0.008,11.52,1.34,0.03,0.19,0.05,1
3.82,7.05,0.04,2.37,0.004,7.34,0.19,0.84,0.64,0.0,0.0,0.074,7.28,1.42,0.002,31.54,6.56,0.07,0.12,0.05,1
0.29,2.03,0.01,0.83,0.005,6.97,0.88,0.4,1.41,0.0,0.0,0.023,8.8,1.78,0.0,38.55,4.86,0.09,0.37,0.02,1
4.1,6.26,0.01,3.59,0.004,2.51,0.11,0.86,1.31,0.0,0.0,0.046,4.27,1.37,0.008,18.38,5.37,0.02,0.21,0.0,1
0.03,25.11,0.79,2.79,0.06,1.3,0.52,0.0,0.59,0.61,0.61,0.001,19.15,1.52,0.01,51.42,0.05,0.03,0.05,0.02,1
0.02,3.14,0.07,1.66,0.01,0.15,0.0,0.85,1.16,0.0,0.005,0.067,15.72,1.4,0.01,0.02,4.4,0.09,0.02,0.01,0
0.1,14.31,0.09,2.68,0.1,0.48,0.05,1.13,1.43,0.0,0.63,0.152,7.17,0.16,0.005,1.88,4.23,0.05,0.1,0.05,0
3.95,9.69,0.25,1.73,0.05,0.94,0.34,0.01,0.01,0.0,0.0,0.148,10.84,2.0,0.007,37.84,1.23,0.06,0.01,0.02,1
0.09,28.54,0.04,0.51,0.0,0.45,0.04,1.38,0.63,0.0,0.97,0.017,4.41,0.2,0.004,12.29,0.69,0.04,0.0,0.06,0
0.06,14.02,0.04,0.58,0.008,4.24,0.53,0.02,0.99,0.05,0.003,0.078,14.16,1.11,0.006,50.28,7.07,0.07,0.44,0.01,0
0.78,10.47,0.01,3.83,0.008,2.84,0.06,1.72,1.06,0.63,0.63,0.171,1.96,1.47,0.005,22.15,1.5,0.02,0.07,0.02,1
0.09,2.12,0.01,4.13,0.09,8.05,0.06,0.03,1.37,0.93,0.93,0.161,3.23,2.25,0.009,12.54,1.8,0.04,0.09,0.01,1
2.04,12.04,0.04,3.2,0.002,3.16,0.32,0.63,1.12,0.0,0.0,0.185,7.18,1.08,0.005,30.05,5.34,0.08,0.29,0.0,1
0.02,23.35,0.0,0.74,0.09,0.04,0.05,0.07,0.33,0.0,0.8,0.164,6.92,0.69,0.006,0.11,2.94,0.05,0.02,0.06,0
0.09,2.12,0.05,0.37,0.09,0.07,0.05,0.09,0.53,0.0,0.0,0.188,5.3,1.82,0.009,2.5,7.9,0.07,0.02,0.08,0
0.59,13.72,0.04,1.28,0.007,6.69,0.17,0.57,1.33,1.0,1.0,0.065,16.76,1.17,0.004,2.43,5.45,0.08,0.48,0.08,1
4.34,1.34,0.02,1.82,0.005,3.95,0.8,1.99,0.48,0.33,0.001,0.05,17.88,1.28,0.0,22.76,6.66,0.09,0.16,0.0,1
0.03,27.79,0.09,0.0,0.08,0.07,0.04,0.06,1.03,0.0,0.007,0.142,1.79,0.04,0.002,2.97,0.72,0.09,0.04,0.02,1
0.09,0.43,0.001,2.43,0.007,4.05,0.32,1.21,0.32,0.01,0.004,0.021,1.41,1.09,0.002,46.81,2.31,0.0,0.03,0.02,1
1.35,28.83,0.04,0.18,0.006,0.1,0.31,0.46,1.4,0.41,0.008,0.108,5.36,1.91,0.003,8.0,3.52,0.02,0.27,0.08,1
1.14,9.66,0.03,2.27,0.001,6.54,0.47,1.37,0.71,0.0,0.0,0.112,11.47,1.33,0.001,37.2,1.73,0.0,0.24,0.06,1
0.1,26.31,0.14,0.43,0.08,7.57,0.33,1.34,1.43,0.37,0.007,0.152,13.69,2.0,0.005,25.76,2.52,0.05,0.23,0.03,0
0.07,0.22,0.03,0.67,0.05,0.17,0.03,0.08,0.38,0.38,0.006,0.16,14.77,1.83,0.007,2.94,0.6,0.07,0.02,0.04,0
2.36,13.67,0.04,3.1,0.006,4.47,0.6,0.88,0.28,0.0,0.0,0.097,7.35,1.34,0.004,15.06,6.35,0.03,0.29,0.08,1
2.1,7.61,0.02,1.98,0.008,4.75,0.49,0.2,1.15,0.61,0.61,0.133,7.45,1.65,0.0,34.68,3.19,0.03,0.24,0.02,1
4.04,0.98,0.02,1.62,0.004,4.54,0.24,1.66,0.64,0.1,0.002,0.124,12.21,1.06,0.007,24.01,3.65,0.05,0.37,0.02,1
0.01,0.05,0.08,0.02,0.04,0.09,0.05,0.69,1.35,0.04,0.0,0.139,1.1,1.64,0.006,2.86,1.0,0.04,0.04,0.07,0
0.04,16.44,0.1,0.01,0.1,0.28,0.07,1.94,0.63,0.0,0.75,0.109,9.37,0.55,0.008,0.76,0.59,0.02,0.01,0.02,0
0.09,23.55,0.01,0.89,0.05,0.02,0.0,1.18,0.07,0.77,0.77,0.042,16.71,1.32,0.009,7.09,0.09,0.05,0.01,0.06,0
1.98,26.55,0.67,1.3,0.07,5.08,0.67,1.99,0.08,0.0,0.008,0.172,16.94,2.01,0.001,46.97,0.01,0.08,0.02,0.02,1
0.04,1.43,0.04,0.38,0.0,0.03,0.02,0.02,0.33,0.0,0.58,0.113,8.5,0.39,0.01,0.14,0.37,0.02,0.04,0.0,0
3.9,11.23,0.4,0.55,0.05,6.78,0.63,1.66,0.53,0.43,0.009,0.03,7.23,1.49,0.008,1.77,2.26,0.08,0.32,0.07,0
0.22,9.72,0.05,3.29,0.006,5.25,0.06,1.17,0.9,0.51,0.51,0.13,2.85,1.31,0.01,42.85,4.23,0.0,0.03,0.01,1
0.09,14.31,0.1,0.76,0.08,0.01,0.09,0.02,1.01,0.0,0.6,0.04,11.89,0.76,0.007,2.05,0.68,0.02,0.06,0.01,0
1.22,20.41,0.01,3.91,0.007,4.02,0.08,0.95,1.46,0.08,0.008,0.181,9.69,1.59,0.006,24.43,7.35,0.06,0.18,0.02,1
1.54,14.49,0.001,0.02,0.004,4.71,0.19,1.3,0.95,1.0,1.0,0.133,17.98,1.87,0.008,15.73,3.83,0.0,0.49,0.09,1
0.6,24.21,0.01,2.56,0.003,3.84,0.44,1.88,0.45,0.0,0.0,0.128,4.08,1.67,0.002,37.48,1.34,0.01,0.13,0.07,1
0.08,0.33,0.35,2.71,0.09,4.25,0.32,0.08,0.32,0.01,0.004,0.021,1.47,1.18,0.002,41.75,2.31,0.0,0.03,0.02,1
0.34,5.1,0.02,1.79,0.001,7.43,0.05,0.15,1.19,0.61,0.61,0.164,16.9,1.16,0.001,38.2,0.53,0.0,0.06,0.01,1
2.14,23.89,0.7,1.02,0.07,3.59,0.57,0.95,0.75,0.82,0.82,0.197,11.73,1.84,0.006,1.39,4.4,0.08,0.35,0.01,0
0.05,19.93,0.09,0.68,0.08,0.48,0.03,0.07,0.61,0.0,0.0,0.076,0.86,2.03,0.003,1.17,2.95,0.04,0.09,0.05,0
4.62,8.7,0.04,3.11,0.005,2.15,0.71,0.7,0.32,0.65,0.65,0.168,2.43,1.16,0.003,18.61,1.44,0.09,0.31,0.01,1
0.02,0.9,0.08,0.83,0.02,0.18,0.06,0.78,0.05,0.52,0.52,0.19,9.75,1.54,0.003,2.41,2.13,0.05,0.08,0.06,0
0.01,26.26,0.09,1.52,0.04,0.03,0.06,1.57,0.11,0.52,0.52,0.018,7.49,1.95,0.001,0.45,0.15,0.08,0.06,0.05,0
2.11,28.82,0.03,0.7,0.002,6.29,0.41,0.13,0.82,0.48,0.008,0.088,15.94,1.86,0.0,27.45,2.48,0.05,0.1,0.02,0
0.05,20.99,0.06,1.26,0.07,0.08,0.06,0.66,0.9,0.65,0.65,0.1,2.01,0.83,0.003,1.5,1.6,0.08,0.07,0.05,0
0.01,20.82,0.03,0.87,0.02,0.51,0.04,0.53,0.95,0.19,0.004,0.011,12.28,1.96,0.006,2.66,0.51,0.03,0.05,0.05,0
0.07,10.38,0.05,0.17,0.006,7.52,0.89,0.52,0.32,0.31,0.002,0.11,3.55,1.79,0.0,6.24,4.15,0.01,0.1,0.02,1
0.05,9.68,0.1,0.26,0.08,0.17,0.07,0.03,0.95,0.0,0.006,0.072,2.98,0.86,0.002,1.51,3.81,0.02,0.05,0.02,1
2.35,6.92,0.03,1.13,0.005,7.24,0.47,0.33,0.82,0.29,0.004,0.093,1.51,1.0,0.004,25.81,0.45,0.03,0.3,0.05,1
0.42,17.59,0.01,2.82,0.009,3.7,0.34,0.07,0.76,0.0,0.0,0.109,17.16,1.0,0.01,19.19,2.86,0.09,0.21,0.03,1
0.0,3.65,0.07,0.39,0.09,0.42,0.05,0.22,0.01,0.76,0.76,0.052,15.85,1.27,0.009,0.6,2.0,0.01,0.06,0.05,0
0.03,9.46,0.02,0.95,0.04,0.17,0.09,0.0,1.05,0.0,0.56,0.174,13.07,0.61,0.006,1.36,0.65,0.06,0.06,0.07,0
0.06,11.9,0.08,0.25,0.02,0.43,0.03,0.09,1.1,0.0,0.0,0.044,6.95,1.76,0.006,6.52,2.27,0.06,0.04,0.0,0
0.02,4.2,0.04,0.19,0.01,0.04,0.07,1.28,0.99,0.42,0.002,0.165,4.0,1.07,0.005,0.19,2.95,0.02,0.08,0.06,0
1.93,14.48,0.01,0.24,0.006,3.21,0.5,0.82,1.16,0.29,0.005,0.198,7.68,1.73,0.01,39.45,7.78,0.06,0.16,0.04,1
0.01,9.82,0.09,0.64,0.05,0.06,0.07,0.71,1.43,0.0,0.58,0.144,2.44,0.43,0.009,5.33,3.03,0.05,0.09,0.01,0
0.08,6.98,0.83,1.21,0.08,8.54,0.44,0.08,1.14,0.41,0.001,0.001,3.02,1.69,0.001,55.86,3.54,0.08,0.17,0.05,0
0.02,0.3,0.04,0.67,0.06,0.32,0.08,1.21,0.32,0.01,0.004,0.021,2.09,0.08,0.002,8.77,0.75,0.0,0.06,0.02,1
0.95,29.47,0.01,2.8,0.007,4.9,0.82,1.76,0.33,0.17,0.0,0.126,4.57,1.6,0.008,47.65,3.18,0.05,0.12,0.08,0
3.37,1.07,0.04,1.86,0.003,2.9,0.84,1.92,1.2,0.32,0.003,0.082,18.91,1.73,0.008,23.6,0.37,0.02,0.46,0.08,1
1.36,11.33,0.04,2.96,0.001,7.23,0.03,1.66,1.08,0.71,0.71,0.016,1.41,1.29,0.004,9.12,1.72,0.02,0.45,0.05,1
0.88,11.12,0.04,0.92,0.009,4.59,0.85,1.1,1.48,0.75,0.75,0.147,8.25,1.38,0.007,10.75,1.2,0.02,0.27,0.02,1
3.49,17.28,0.03,3.21,0.003,3.67,0.14,0.39,0.1,0.15,0.002,0.033,16.36,1.66,0.008,14.7,3.01,0.06,0.18,0.04,1
2.48,3.9,0.02,2.85,0.006,7.93,0.29,0.29,0.57,0.0,0.0,0.154,16.29,1.96,0.002,2.64,0.79,0.04,0.03,0.0,1
4.13,14.07,0.05,1.48,0.001,6.3,0.06,0.44,0.08,0.0,0.0,0.044,16.61,1.8,0.008,21.0,3.59,0.02,0.37,0.09,1
0.02,15.58,0.06,0.81,0.04,0.01,0.05,0.02,0.61,0.0,1.0,0.038,11.26,0.61,0.006,1.52,2.91,0.02,0.09,0.08,0
0.11,3.54,0.04,0.66,0.001,6.99,0.21,0.4,0.79,0.63,0.63,0.122,7.46,1.72,0.009,14.71,4.66,0.07,0.28,0.01,1
0.0,19.57,0.07,0.04,0.09,0.49,0.07,1.86,0.86,0.16,0.005,0.197,13.65,0.84,0.001,12.19,2.44,0.08,0.06,0.07,0
0.05,7.78,0.0,1.95,0.04,0.1,0.03,0.03,1.37,0.0,0.0,0.197,14.29,1.0,0.005,3.57,2.13,0.09,0.06,0.03,1
1.4,5.43,0.04,3.14,0.008,0.83,0.52,1.84,1.48,0.13,0.005,0.135,18.99,1.85,0.002,29.73,6.88,0.0,0.47,0.08,1
0.06,21.68,0.06,0.36,0.06,0.14,0.03,0.43,0.9,0.0,0.79,0.199,2.87,0.0,0.001,0.3,2.44,0.09,0.09,0.03,0
0.09,9.98,0.08,0.51,0.08,0.39,0.02,0.52,0.32,0.31,0.002,0.11,3.55,1.79,0.0,0.44,0.97,0.01,0.03,0.02,0
3.67,16.12,0.82,1.68,0.01,5.07,0.71,0.08,1.44,0.0,0.004,0.172,1.39,2.26,0.01,37.58,6.66,0.05,0.45,0.08,0
0.03,5.57,0.04,0.08,0.09,0.28,0.01,0.57,1.33,1.0,1.0,0.065,17.14,1.29,0.004,2.37,3.49,0.08,0.07,0.08,0
0.02,8.05,0.02,0.26,0.05,0.07,0.08,0.1,0.01,0.92,0.92,0.101,15.1,1.36,0.007,0.99,5.32,0.01,0.03,0.04,0
4.19,0.68,0.01,1.37,0.004,2.47,0.28,1.05,0.28,0.0,0.0,0.096,18.41,1.42,0.007,24.83,4.03,0.03,0.37,0.08,1
0.08,22.89,0.03,0.94,0.02,0.38,0.08,0.09,1.38,0.0,0.003,0.191,18.27,0.9,0.009,4.37,1.61,0.05,0.06,0.02,0
0.08,28.1,0.01,0.42,0.01,0.13,0.07,0.51,0.07,0.0,0.006,0.075,7.64,0.71,0.001,2.29,2.34,0.06,0.0,0.01,1
0.02,6.54,0.01,3.69,0.005,0.1,0.57,0.06,0.36,0.28,0.004,0.02,3.21,1.18,0.006,7.62,2.82,0.05,0.15,0.06,0
0.16,11.06,0.04,3.58,0.007,0.21,0.2,0.41,0.24,0.61,0.61,0.127,15.88,1.77,0.006,48.37,3.55,0.07,0.04,0.03,1
0.1,2.97,0.08,0.19,0.06,0.42,0.01,1.75,1.28,0.0,0.008,0.177,17.07,0.63,0.003,2.11,0.19,0.01,0.01,0.08,0
0.07,5.41,0.09,0.1,0.02,0.02,0.09,0.04,0.6,0.0,0.009,0.016,2.85,0.25,0.002,8.45,1.31,0.05,0.05,0.08,1
0.06,12.55,0.03,0.23,0.06,0.08,0.01,1.58,1.21,0.0,0.0,0.104,4.73,1.67,0.009,4.05,0.94,0.1,0.04,0.01,0
3.19,19.64,0.04,3.8,0.006,6.66,0.6,0.79,0.32,0.64,0.64,0.044,0.23,1.34,0.001,21.92,7.8,0.08,0.16,0.05,1
0.09,0.95,0.03,1.64,0.02,0.15,0.07,1.92,1.2,0.0,0.003,0.082,18.94,0.49,0.008,5.17,0.67,0.02,0.08,0.08,0
0.04,3.04,0.08,0.57,0.09,0.04,0.07,0.06,0.96,0.0,0.0,0.138,6.15,1.0,0.0,0.99,0.2,0.01,0.08,0.06,1
0.02,1.0,0.06,0.25,0.06,0.24,0.06,0.02,1.18,0.0,0.0,0.162,7.29,1.45,0.001,2.21,0.62,0.07,0.07,0.03,0
1.93,26.65,0.001,0.79,0.009,4.99,0.67,1.99,0.08,0.1,0.008,0.172,16.74,1.98,0.001,16.21,0.01,0.08,0.02,0.02,1
0.75,4.61,0.03,1.09,0.005,7.66,0.62,0.5,1.31,0.0,0.0,0.068,13.52,1.35,0.0,7.51,7.18,0.08,0.2,0.03,1
0.0,22.91,0.02,0.57,0.006,4.06,0.37,1.76,0.69,0.0,0.0,0.054,10.51,1.19,0.007,0.8,6.7,0.09,0.37,0.04,1
0.01,14.82,0.02,1.64,0.09,0.1,0.02,0.06,0.54,0.0,0.001,0.124,17.62,0.95,0.002,4.26,6.46,0.03,0.0,0.0,0
1.81,18.67,0.01,1.59,0.002,2.8,0.15,1.58,0.96,0.0,0.0,0.057,7.61,1.59,0.006,19.72,6.83,0.07,0.04,0.07,1
0.05,19.75,0.01,1.58,0.03,0.25,0.09,0.05,0.98,0.07,0.008,0.107,4.09,0.88,0.007,10.19,0.97,0.09,0.07,0.02,0
1.55,16.16,0.01,3.27,0.002,7.83,0.16,0.58,1.07,0.52,0.52,0.103,15.72,1.89,0.005,21.94,6.38,0.01,0.27,0.0,1
0.04,27.72,0.06,1.35,0.02,0.15,0.06,0.07,0.92,0.0,0.006,0.037,6.39,0.74,0.007,0.97,4.4,0.05,0.01,0.05,0
0.05,6.9,0.07,0.17,0.08,0.02,0.03,0.03,0.94,0.0,0.008,0.042,2.06,0.95,0.008,0.32,0.61,0.05,0.08,0.02,0
0.03,28.35,0.06,0.14,0.01,0.04,0.07,0.07,1.1,0.0,0.005,0.044,6.87,0.85,0.006,1.72,0.06,0.06,0.1,0.0,1
0.09,16.12,0.13,1.78,0.05,4.37,0.71,0.08,1.44,0.34,0.004,0.172,1.33,2.12,0.01,37.65,6.66,0.05,0.45,0.08,0
0.4,21.19,0.6,0.66,0.07,4.9,0.51,0.01,1.1,0.0,0.89,0.142,17.48,1.44,0.006,36.48,1.36,0.0,0.41,0.08,0
0.01,15.07,0.29,1.53,0.11,1.81,0.45,0.0,0.45,0.3,0.008,0.197,15.61,2.16,0.001,32.55,4.86,0.05,0.04,0.06,0
3.31,22.07,0.03,0.46,0.001,7.22,0.73,1.05,1.0,0.25,0.007,0.109,1.92,1.07,0.001,39.4,0.49,0.04,0.47,0.05,1
3.54,28.57,0.03,1.0,0.008,4.96,0.66,0.8,0.91,0.0,0.0,0.05,9.65,1.42,0.005,12.48,7.93,0.09,0.42,0.01,1
0.65,24.11,0.68,2.74,0.12,4.23,0.44,1.88,0.45,0.38,0.009,0.128,4.91,1.98,0.002,22.01,1.34,0.01,0.13,0.07,0
1.12,24.37,0.01,0.7,0.008,4.98,0.36,1.43,0.63,0.0,0.0,0.146,2.27,1.24,0.008,37.35,1.68,0.07,0.37,0.07,1
0.05,11.88,0.81,4.39,0.11,6.43,0.58,0.08,0.04,0.46,0.002,0.089,8.25,1.89,0.0,16.64,1.66,0.06,0.33,0.05,0
0.07,16.55,0.04,0.26,0.07,0.02,0.08,0.05,0.94,0.92,0.0,0.011,1.33,1.81,0.004,3.05,4.51,0.0,0.03,0.07,0
1.44,24.6,0.01,3.73,0.006,2.79,0.02,1.17,1.09,0.46,0.008,0.089,13.08,1.52,0.004,50.43,1.22,0.03,0.03,0.08,0
0.01,9.74,0.001,1.34,0.002,2.83,0.48,0.42,1.2,0.36,0.008,0.056,7.05,1.34,0.006,36.49,3.92,0.06,0.1,0.02,1
0.0,18.33,0.07,0.94,0.04,0.05,0.06,1.72,1.07,0.96,0.96,0.119,11.04,1.98,0.005,0.49,0.87,0.02,0.04,0.02,0
4.49,4.07,0.05,1.87,0.005,4.55,0.32,0.9,0.55,0.3,0.002,0.135,5.23,1.43,0.004,36.52,6.15,0.04,0.16,0.04,1
0.02,12.19,0.08,0.23,0.06,0.69,0.07,1.0,0.14,0.36,0.005,0.1,14.38,2.0,0.005,0.48,0.88,0.04,0.07,0.03,0
3.9,9.79,0.001,1.6,0.008,0.79,0.34,0.01,0.01,0.5,0.5,0.148,10.33,1.95,0.007,47.93,1.23,0.06,0.01,0.02,1
0.89,23.24,0.03,3.35,0.008,0.8,0.26,0.5,0.85,0.44,0.004,0.034,3.82,1.2,0.007,16.42,3.23,0.09,0.03,0.02,1
0.78,22.26,0.42,3.87,0.08,6.05,0.71,0.53,0.95,0.0,0.0,0.011,12.4,1.79,0.006,31.07,3.57,0.03,0.01,0.05,0
0.09,22.73,0.02,0.15,0.03,0.03,0.08,0.01,0.66,0.0,0.7,0.126,8.49,0.3,0.003,3.59,0.33,0.0,0.06,0.0,0
0.12,28.83,0.04,0.18,0.006,0.1,0.31,0.46,1.4,0.41,0.008,0.108,5.36,1.91,0.003,8.0,3.52,0.02,0.27,0.08,0
0.01,10.38,0.04,0.14,0.08,0.31,0.07,1.1,1.48,0.75,0.75,0.147,8.25,1.38,0.007,0.1,0.08,0.02,0.1,0.02,0
0.06,11.77,0.03,2.31,0.07,0.0,0.01,0.05,1.04,0.0,0.001,0.157,11.21,0.73,0.002,5.78,0.97,0.09,0.09,0.0,0
4.99,25.62,0.47,3.51,0.01,6.99,0.89,1.62,1.27,0.0,0.001,0.117,13.15,1.08,0.005,27.53,4.06,0.1,0.33,0.03,0
0.21,27.52,0.01,3.15,0.003,1.07,0.13,1.69,0.98,0.28,0.004,0.181,5.92,1.79,0.008,17.62,2.65,0.07,0.4,0.01,0
